review_status,company_name,website,vc_source,funding_stage,industry,discovery_source,post_text,stakeholder_name,stakeholder_email,email_source_url,email_subject,email_body
pending,Finst,https://finst.com,Endeit Capital,Series A,digital media saas,portfolio_page,,,support@finst.com,https://finst.com,Branding opportunity — Finst × Dõlmen Studios,"<!DOCTYPE html>
<html lang=""en"">
<head>
  <meta charset=""UTF-8"">
  <meta name=""viewport"" content=""width=device-width, initial-scale=1.0"">
</head>
<body style=""font-family: Georgia, 'Times New Roman', serif; max-width: 600px;
             margin: 0 auto; color: #1a1a1a; line-height: 1.75; padding: 24px;"">

  <p>Hello there,</p>

  <p>
    I'm Soufyan, Strategic Branding Manager at <strong>Dõlmen Studios</strong>.
  </p>

  <p>
    At Dõlmen, we help companies through brand strategy and design with a strong focus
    on performance &amp; human connections — so they don't just look good, but actively
    drive business metrics such as leads, conversions, investment, and strategic partnerships.
  </p>

  <p>
    We've collaborated with companies such as Nike on strategic branding projects.
    If you'd like to see how we approach this work, you can find some of our most relevant
    case studies on
    <a href=""https://www.dolmenstudios.com"" style=""color: #2b5797; text-decoration: none;"">our website</a>.
  </p>

  <p>
    While researching SaaS companies, I came across
    <strong>Finst</strong> —
    great to see the backing from Endeit Capital.
    Your SaaS product is solid, but your visual identity doesn&#39;t yet match the quality of what you&#39;ve built — and that gap costs you at every enterprise demo and investor conversation.
  </p>

  <p>
    If useful, we'd be happy to connect and offer a <strong>Free Brand Audit</strong>
    in a first video call — sharing concrete insights and specific improvement opportunities
    for Finst.
  </p>

  <p>
    If that sounds good to you, just let me know what your availability looks like for next week.
  </p>

  <p style=""margin-top: 2em;"">
    Kind regards,<br>
    <strong>Soufyan</strong>
  </p>

  <hr style=""border: none; border-top: 1px solid #eee; margin-top: 2.5em;"">
  <p style=""font-size: 11px; color: #999; line-height: 1.5;"">
    You received this because Finst appeared in our research on
    SaaS companies and we believe there could be a genuine fit.
    Reply STOP to opt out and we won't contact you again.
  </p>

</body>
</html>"
pending,Eirforsakring,https://eirforsakring.com,Endeit Capital,Series A,digital media saas,portfolio_page,,,info@eirforsakring.se,https://eirforsakring.com,Branding opportunity — Eirforsakring × Dõlmen Studios,"<!DOCTYPE html>
<html lang=""en"">
<head>
  <meta charset=""UTF-8"">
  <meta name=""viewport"" content=""width=device-width, initial-scale=1.0"">
</head>
<body style=""font-family: Georgia, 'Times New Roman', serif; max-width: 600px;
             margin: 0 auto; color: #1a1a1a; line-height: 1.75; padding: 24px;"">

  <p>Hello there,</p>

  <p>
    I'm Soufyan, Strategic Branding Manager at <strong>Dõlmen Studios</strong>.
  </p>

  <p>
    At Dõlmen, we help companies through brand strategy and design with a strong focus
    on performance &amp; human connections — so they don't just look good, but actively
    drive business metrics such as leads, conversions, investment, and strategic partnerships.
  </p>

  <p>
    We've collaborated with companies such as Nike on strategic branding projects.
    If you'd like to see how we approach this work, you can find some of our most relevant
    case studies on
    <a href=""https://www.dolmenstudios.com"" style=""color: #2b5797; text-decoration: none;"">our website</a>.
  </p>

  <p>
    While researching SaaS companies, I came across
    <strong>Eirforsakring</strong> —
    great to see the backing from Endeit Capital.
    Your SaaS product is solid, but your visual identity doesn&#39;t yet match the quality of what you&#39;ve built — and that gap costs you at every enterprise demo and investor conversation.
  </p>

  <p>
    If useful, we'd be happy to connect and offer a <strong>Free Brand Audit</strong>
    in a first video call — sharing concrete insights and specific improvement opportunities
    for Eirforsakring.
  </p>

  <p>
    If that sounds good to you, just let me know what your availability looks like for next week.
  </p>

  <p style=""margin-top: 2em;"">
    Kind regards,<br>
    <strong>Soufyan</strong>
  </p>

  <hr style=""border: none; border-top: 1px solid #eee; margin-top: 2.5em;"">
  <p style=""font-size: 11px; color: #999; line-height: 1.5;"">
    You received this because Eirforsakring appeared in our research on
    SaaS companies and we believe there could be a genuine fit.
    Reply STOP to opt out and we won't contact you again.
  </p>

</body>
</html>"
pending,Deftpower,https://www.deftpower.com,Endeit Capital,Series A,digital media saas,portfolio_page,,,info@deftpower.com,https://www.deftpower.com,Branding opportunity — Deftpower × Dõlmen Studios,"<!DOCTYPE html>
<html lang=""en"">
<head>
  <meta charset=""UTF-8"">
  <meta name=""viewport"" content=""width=device-width, initial-scale=1.0"">
</head>
<body style=""font-family: Georgia, 'Times New Roman', serif; max-width: 600px;
             margin: 0 auto; color: #1a1a1a; line-height: 1.75; padding: 24px;"">

  <p>Hello there,</p>

  <p>
    I'm Soufyan, Strategic Branding Manager at <strong>Dõlmen Studios</strong>.
  </p>

  <p>
    At Dõlmen, we help companies through brand strategy and design with a strong focus
    on performance &amp; human connections — so they don't just look good, but actively
    drive business metrics such as leads, conversions, investment, and strategic partnerships.
  </p>

  <p>
    We've collaborated with companies such as Nike on strategic branding projects.
    If you'd like to see how we approach this work, you can find some of our most relevant
    case studies on
    <a href=""https://www.dolmenstudios.com"" style=""color: #2b5797; text-decoration: none;"">our website</a>.
  </p>

  <p>
    While researching SaaS companies, I came across
    <strong>Deftpower</strong> —
    great to see the backing from Endeit Capital.
    Your SaaS product is solid, but your visual identity doesn&#39;t yet match the quality of what you&#39;ve built — and that gap costs you at every enterprise demo and investor conversation.
  </p>

  <p>
    If useful, we'd be happy to connect and offer a <strong>Free Brand Audit</strong>
    in a first video call — sharing concrete insights and specific improvement opportunities
    for Deftpower.
  </p>

  <p>
    If that sounds good to you, just let me know what your availability looks like for next week.
  </p>

  <p style=""margin-top: 2em;"">
    Kind regards,<br>
    <strong>Soufyan</strong>
  </p>

  <hr style=""border: none; border-top: 1px solid #eee; margin-top: 2.5em;"">
  <p style=""font-size: 11px; color: #999; line-height: 1.5;"">
    You received this because Deftpower appeared in our research on
    SaaS companies and we believe there could be a genuine fit.
    Reply STOP to opt out and we won't contact you again.
  </p>

</body>
</html>"
pending,Treefera,https://treefera.com,Endeit Capital,Series A,digital media saas,portfolio_page,,,christopher.duddridge@treefera.com,https://treefera.com/our-team,Branding opportunity — Treefera × Dõlmen Studios,"<!DOCTYPE html>
<html lang=""en"">
<head>
  <meta charset=""UTF-8"">
  <meta name=""viewport"" content=""width=device-width, initial-scale=1.0"">
</head>
<body style=""font-family: Georgia, 'Times New Roman', serif; max-width: 600px;
             margin: 0 auto; color: #1a1a1a; line-height: 1.75; padding: 24px;"">

  <p>Hello there,</p>

  <p>
    I'm Soufyan, Strategic Branding Manager at <strong>Dõlmen Studios</strong>.
  </p>

  <p>
    At Dõlmen, we help companies through brand strategy and design with a strong focus
    on performance &amp; human connections — so they don't just look good, but actively
    drive business metrics such as leads, conversions, investment, and strategic partnerships.
  </p>

  <p>
    We've collaborated with companies such as Nike on strategic branding projects.
    If you'd like to see how we approach this work, you can find some of our most relevant
    case studies on
    <a href=""https://www.dolmenstudios.com"" style=""color: #2b5797; text-decoration: none;"">our website</a>.
  </p>

  <p>
    While researching SaaS companies, I came across
    <strong>Treefera</strong> —
    great to see the backing from Endeit Capital.
    Your SaaS product is solid, but your visual identity doesn&#39;t yet match the quality of what you&#39;ve built — and that gap costs you at every enterprise demo and investor conversation.
  </p>

  <p>
    If useful, we'd be happy to connect and offer a <strong>Free Brand Audit</strong>
    in a first video call — sharing concrete insights and specific improvement opportunities
    for Treefera.
  </p>

  <p>
    If that sounds good to you, just let me know what your availability looks like for next week.
  </p>

  <p style=""margin-top: 2em;"">
    Kind regards,<br>
    <strong>Soufyan</strong>
  </p>

  <hr style=""border: none; border-top: 1px solid #eee; margin-top: 2.5em;"">
  <p style=""font-size: 11px; color: #999; line-height: 1.5;"">
    You received this because Treefera appeared in our research on
    SaaS companies and we believe there could be a genuine fit.
    Reply STOP to opt out and we won't contact you again.
  </p>

</body>
</html>"
pending,Nomupay,https://www.nomupay.com,Endeit Capital,Series A,digital media saas,portfolio_page,,,help@nomupay.com,https://www.nomupay.com,Branding opportunity — Nomupay × Dõlmen Studios,"<!DOCTYPE html>
<html lang=""en"">
<head>
  <meta charset=""UTF-8"">
  <meta name=""viewport"" content=""width=device-width, initial-scale=1.0"">
</head>
<body style=""font-family: Georgia, 'Times New Roman', serif; max-width: 600px;
             margin: 0 auto; color: #1a1a1a; line-height: 1.75; padding: 24px;"">

  <p>Hello there,</p>

  <p>
    I'm Soufyan, Strategic Branding Manager at <strong>Dõlmen Studios</strong>.
  </p>

  <p>
    At Dõlmen, we help companies through brand strategy and design with a strong focus
    on performance &amp; human connections — so they don't just look good, but actively
    drive business metrics such as leads, conversions, investment, and strategic partnerships.
  </p>

  <p>
    We've collaborated with companies such as Nike on strategic branding projects.
    If you'd like to see how we approach this work, you can find some of our most relevant
    case studies on
    <a href=""https://www.dolmenstudios.com"" style=""color: #2b5797; text-decoration: none;"">our website</a>.
  </p>

  <p>
    While researching SaaS companies, I came across
    <strong>Nomupay</strong> —
    great to see the backing from Endeit Capital.
    Your SaaS product is solid, but your visual identity doesn&#39;t yet match the quality of what you&#39;ve built — and that gap costs you at every enterprise demo and investor conversation.
  </p>

  <p>
    If useful, we'd be happy to connect and offer a <strong>Free Brand Audit</strong>
    in a first video call — sharing concrete insights and specific improvement opportunities
    for Nomupay.
  </p>

  <p>
    If that sounds good to you, just let me know what your availability looks like for next week.
  </p>

  <p style=""margin-top: 2em;"">
    Kind regards,<br>
    <strong>Soufyan</strong>
  </p>

  <hr style=""border: none; border-top: 1px solid #eee; margin-top: 2.5em;"">
  <p style=""font-size: 11px; color: #999; line-height: 1.5;"">
    You received this because Nomupay appeared in our research on
    SaaS companies and we believe there could be a genuine fit.
    Reply STOP to opt out and we won't contact you again.
  </p>

</body>
</html>"
pending,Infraspeak,https://infraspeak.com,Endeit Capital,Series A,digital media saas,portfolio_page,,,hello@infraspeak.com,pattern-based,Branding opportunity — Infraspeak × Dõlmen Studios,"<!DOCTYPE html>
<html lang=""en"">
<head>
  <meta charset=""UTF-8"">
  <meta name=""viewport"" content=""width=device-width, initial-scale=1.0"">
</head>
<body style=""font-family: Georgia, 'Times New Roman', serif; max-width: 600px;
             margin: 0 auto; color: #1a1a1a; line-height: 1.75; padding: 24px;"">

  <p>Hello there,</p>

  <p>
    I'm Soufyan, Strategic Branding Manager at <strong>Dõlmen Studios</strong>.
  </p>

  <p>
    At Dõlmen, we help companies through brand strategy and design with a strong focus
    on performance &amp; human connections — so they don't just look good, but actively
    drive business metrics such as leads, conversions, investment, and strategic partnerships.
  </p>

  <p>
    We've collaborated with companies such as Nike on strategic branding projects.
    If you'd like to see how we approach this work, you can find some of our most relevant
    case studies on
    <a href=""https://www.dolmenstudios.com"" style=""color: #2b5797; text-decoration: none;"">our website</a>.
  </p>

  <p>
    While researching SaaS companies, I came across
    <strong>Infraspeak</strong> —
    great to see the backing from Endeit Capital.
    Your SaaS product is solid, but your visual identity doesn&#39;t yet match the quality of what you&#39;ve built — and that gap costs you at every enterprise demo and investor conversation.
  </p>

  <p>
    If useful, we'd be happy to connect and offer a <strong>Free Brand Audit</strong>
    in a first video call — sharing concrete insights and specific improvement opportunities
    for Infraspeak.
  </p>

  <p>
    If that sounds good to you, just let me know what your availability looks like for next week.
  </p>

  <p style=""margin-top: 2em;"">
    Kind regards,<br>
    <strong>Soufyan</strong>
  </p>

  <hr style=""border: none; border-top: 1px solid #eee; margin-top: 2.5em;"">
  <p style=""font-size: 11px; color: #999; line-height: 1.5;"">
    You received this because Infraspeak appeared in our research on
    SaaS companies and we believe there could be a genuine fit.
    Reply STOP to opt out and we won't contact you again.
  </p>

</body>
</html>"
pending,Klarahr,https://www.klarahr.com,Endeit Capital,Series A,digital media saas,portfolio_page,,,hello@klarahr.com,https://www.klarahr.com,Branding opportunity — Klarahr × Dõlmen Studios,"<!DOCTYPE html>
<html lang=""en"">
<head>
  <meta charset=""UTF-8"">
  <meta name=""viewport"" content=""width=device-width, initial-scale=1.0"">
</head>
<body style=""font-family: Georgia, 'Times New Roman', serif; max-width: 600px;
             margin: 0 auto; color: #1a1a1a; line-height: 1.75; padding: 24px;"">

  <p>Hello there,</p>

  <p>
    I'm Soufyan, Strategic Branding Manager at <strong>Dõlmen Studios</strong>.
  </p>

  <p>
    At Dõlmen, we help companies through brand strategy and design with a strong focus
    on performance &amp; human connections — so they don't just look good, but actively
    drive business metrics such as leads, conversions, investment, and strategic partnerships.
  </p>

  <p>
    We've collaborated with companies such as Nike on strategic branding projects.
    If you'd like to see how we approach this work, you can find some of our most relevant
    case studies on
    <a href=""https://www.dolmenstudios.com"" style=""color: #2b5797; text-decoration: none;"">our website</a>.
  </p>

  <p>
    While researching SaaS companies, I came across
    <strong>Klarahr</strong> —
    great to see the backing from Endeit Capital.
    Your SaaS product is solid, but your visual identity doesn&#39;t yet match the quality of what you&#39;ve built — and that gap costs you at every enterprise demo and investor conversation.
  </p>

  <p>
    If useful, we'd be happy to connect and offer a <strong>Free Brand Audit</strong>
    in a first video call — sharing concrete insights and specific improvement opportunities
    for Klarahr.
  </p>

  <p>
    If that sounds good to you, just let me know what your availability looks like for next week.
  </p>

  <p style=""margin-top: 2em;"">
    Kind regards,<br>
    <strong>Soufyan</strong>
  </p>

  <hr style=""border: none; border-top: 1px solid #eee; margin-top: 2.5em;"">
  <p style=""font-size: 11px; color: #999; line-height: 1.5;"">
    You received this because Klarahr appeared in our research on
    SaaS companies and we believe there could be a genuine fit.
    Reply STOP to opt out and we won't contact you again.
  </p>

</body>
</html>"
pending,Aethon,https://www.aethon.nl,Endeit Capital,Series A,digital media saas,portfolio_page,,,info@aethon.nl,https://www.aethon.nl,Branding opportunity — Aethon × Dõlmen Studios,"<!DOCTYPE html>
<html lang=""en"">
<head>
  <meta charset=""UTF-8"">
  <meta name=""viewport"" content=""width=device-width, initial-scale=1.0"">
</head>
<body style=""font-family: Georgia, 'Times New Roman', serif; max-width: 600px;
             margin: 0 auto; color: #1a1a1a; line-height: 1.75; padding: 24px;"">

  <p>Hello there,</p>

  <p>
    I'm Soufyan, Strategic Branding Manager at <strong>Dõlmen Studios</strong>.
  </p>

  <p>
    At Dõlmen, we help companies through brand strategy and design with a strong focus
    on performance &amp; human connections — so they don't just look good, but actively
    drive business metrics such as leads, conversions, investment, and strategic partnerships.
  </p>

  <p>
    We've collaborated with companies such as Nike on strategic branding projects.
    If you'd like to see how we approach this work, you can find some of our most relevant
    case studies on
    <a href=""https://www.dolmenstudios.com"" style=""color: #2b5797; text-decoration: none;"">our website</a>.
  </p>

  <p>
    While researching SaaS companies, I came across
    <strong>Aethon</strong> —
    great to see the backing from Endeit Capital.
    Your SaaS product is solid, but your visual identity doesn&#39;t yet match the quality of what you&#39;ve built — and that gap costs you at every enterprise demo and investor conversation.
  </p>

  <p>
    If useful, we'd be happy to connect and offer a <strong>Free Brand Audit</strong>
    in a first video call — sharing concrete insights and specific improvement opportunities
    for Aethon.
  </p>

  <p>
    If that sounds good to you, just let me know what your availability looks like for next week.
  </p>

  <p style=""margin-top: 2em;"">
    Kind regards,<br>
    <strong>Soufyan</strong>
  </p>

  <hr style=""border: none; border-top: 1px solid #eee; margin-top: 2.5em;"">
  <p style=""font-size: 11px; color: #999; line-height: 1.5;"">
    You received this because Aethon appeared in our research on
    SaaS companies and we believe there could be a genuine fit.
    Reply STOP to opt out and we won't contact you again.
  </p>

</body>
</html>"
pending,Lepaya,https://www.lepaya.com,Endeit Capital,Series A,digital media saas,portfolio_page,,,info@lepaya.com,https://www.lepaya.com,Branding opportunity — Lepaya × Dõlmen Studios,"<!DOCTYPE html>
<html lang=""en"">
<head>
  <meta charset=""UTF-8"">
  <meta name=""viewport"" content=""width=device-width, initial-scale=1.0"">
</head>
<body style=""font-family: Georgia, 'Times New Roman', serif; max-width: 600px;
             margin: 0 auto; color: #1a1a1a; line-height: 1.75; padding: 24px;"">

  <p>Hello there,</p>

  <p>
    I'm Soufyan, Strategic Branding Manager at <strong>Dõlmen Studios</strong>.
  </p>

  <p>
    At Dõlmen, we help companies through brand strategy and design with a strong focus
    on performance &amp; human connections — so they don't just look good, but actively
    drive business metrics such as leads, conversions, investment, and strategic partnerships.
  </p>

  <p>
    We've collaborated with companies such as Nike on strategic branding projects.
    If you'd like to see how we approach this work, you can find some of our most relevant
    case studies on
    <a href=""https://www.dolmenstudios.com"" style=""color: #2b5797; text-decoration: none;"">our website</a>.
  </p>

  <p>
    While researching SaaS companies, I came across
    <strong>Lepaya</strong> —
    great to see the backing from Endeit Capital.
    Your SaaS product is solid, but your visual identity doesn&#39;t yet match the quality of what you&#39;ve built — and that gap costs you at every enterprise demo and investor conversation.
  </p>

  <p>
    If useful, we'd be happy to connect and offer a <strong>Free Brand Audit</strong>
    in a first video call — sharing concrete insights and specific improvement opportunities
    for Lepaya.
  </p>

  <p>
    If that sounds good to you, just let me know what your availability looks like for next week.
  </p>

  <p style=""margin-top: 2em;"">
    Kind regards,<br>
    <strong>Soufyan</strong>
  </p>

  <hr style=""border: none; border-top: 1px solid #eee; margin-top: 2.5em;"">
  <p style=""font-size: 11px; color: #999; line-height: 1.5;"">
    You received this because Lepaya appeared in our research on
    SaaS companies and we believe there could be a genuine fit.
    Reply STOP to opt out and we won't contact you again.
  </p>

</body>
</html>"
pending,Sharpist,https://www.sharpist.com,Endeit Capital,Series A,digital media saas,portfolio_page,,,info@sharpist.com,https://www.sharpist.com,Branding opportunity — Sharpist × Dõlmen Studios,"<!DOCTYPE html>
<html lang=""en"">
<head>
  <meta charset=""UTF-8"">
  <meta name=""viewport"" content=""width=device-width, initial-scale=1.0"">
</head>
<body style=""font-family: Georgia, 'Times New Roman', serif; max-width: 600px;
             margin: 0 auto; color: #1a1a1a; line-height: 1.75; padding: 24px;"">

  <p>Hello there,</p>

  <p>
    I'm Soufyan, Strategic Branding Manager at <strong>Dõlmen Studios</strong>.
  </p>

  <p>
    At Dõlmen, we help companies through brand strategy and design with a strong focus
    on performance &amp; human connections — so they don't just look good, but actively
    drive business metrics such as leads, conversions, investment, and strategic partnerships.
  </p>

  <p>
    We've collaborated with companies such as Nike on strategic branding projects.
    If you'd like to see how we approach this work, you can find some of our most relevant
    case studies on
    <a href=""https://www.dolmenstudios.com"" style=""color: #2b5797; text-decoration: none;"">our website</a>.
  </p>

  <p>
    While researching SaaS companies, I came across
    <strong>Sharpist</strong> —
    great to see the backing from Endeit Capital.
    Your SaaS product is solid, but your visual identity doesn&#39;t yet match the quality of what you&#39;ve built — and that gap costs you at every enterprise demo and investor conversation.
  </p>

  <p>
    If useful, we'd be happy to connect and offer a <strong>Free Brand Audit</strong>
    in a first video call — sharing concrete insights and specific improvement opportunities
    for Sharpist.
  </p>

  <p>
    If that sounds good to you, just let me know what your availability looks like for next week.
  </p>

  <p style=""margin-top: 2em;"">
    Kind regards,<br>
    <strong>Soufyan</strong>
  </p>

  <hr style=""border: none; border-top: 1px solid #eee; margin-top: 2.5em;"">
  <p style=""font-size: 11px; color: #999; line-height: 1.5;"">
    You received this because Sharpist appeared in our research on
    SaaS companies and we believe there could be a genuine fit.
    Reply STOP to opt out and we won't contact you again.
  </p>

</body>
</html>"
pending,Sastrify,https://www.sastrify.com,Endeit Capital,Series A,digital media saas,portfolio_page,,,hello@sastrify.com,https://www.sastrify.com,Branding opportunity — Sastrify × Dõlmen Studios,"<!DOCTYPE html>
<html lang=""en"">
<head>
  <meta charset=""UTF-8"">
  <meta name=""viewport"" content=""width=device-width, initial-scale=1.0"">
</head>
<body style=""font-family: Georgia, 'Times New Roman', serif; max-width: 600px;
             margin: 0 auto; color: #1a1a1a; line-height: 1.75; padding: 24px;"">

  <p>Hello there,</p>

  <p>
    I'm Soufyan, Strategic Branding Manager at <strong>Dõlmen Studios</strong>.
  </p>

  <p>
    At Dõlmen, we help companies through brand strategy and design with a strong focus
    on performance &amp; human connections — so they don't just look good, but actively
    drive business metrics such as leads, conversions, investment, and strategic partnerships.
  </p>

  <p>
    We've collaborated with companies such as Nike on strategic branding projects.
    If you'd like to see how we approach this work, you can find some of our most relevant
    case studies on
    <a href=""https://www.dolmenstudios.com"" style=""color: #2b5797; text-decoration: none;"">our website</a>.
  </p>

  <p>
    While researching SaaS companies, I came across
    <strong>Sastrify</strong> —
    great to see the backing from Endeit Capital.
    Your SaaS product is solid, but your visual identity doesn&#39;t yet match the quality of what you&#39;ve built — and that gap costs you at every enterprise demo and investor conversation.
  </p>

  <p>
    If useful, we'd be happy to connect and offer a <strong>Free Brand Audit</strong>
    in a first video call — sharing concrete insights and specific improvement opportunities
    for Sastrify.
  </p>

  <p>
    If that sounds good to you, just let me know what your availability looks like for next week.
  </p>

  <p style=""margin-top: 2em;"">
    Kind regards,<br>
    <strong>Soufyan</strong>
  </p>

  <hr style=""border: none; border-top: 1px solid #eee; margin-top: 2.5em;"">
  <p style=""font-size: 11px; color: #999; line-height: 1.5;"">
    You received this because Sastrify appeared in our research on
    SaaS companies and we believe there could be a genuine fit.
    Reply STOP to opt out and we won't contact you again.
  </p>

</body>
</html>"
pending,Stravito,https://www.stravito.com,Endeit Capital,Series A,digital media saas,portfolio_page,,,thor@stravito.com,https://www.stravito.com/about,Branding opportunity — Stravito × Dõlmen Studios,"<!DOCTYPE html>
<html lang=""en"">
<head>
  <meta charset=""UTF-8"">
  <meta name=""viewport"" content=""width=device-width, initial-scale=1.0"">
</head>
<body style=""font-family: Georgia, 'Times New Roman', serif; max-width: 600px;
             margin: 0 auto; color: #1a1a1a; line-height: 1.75; padding: 24px;"">

  <p>Hello there,</p>

  <p>
    I'm Soufyan, Strategic Branding Manager at <strong>Dõlmen Studios</strong>.
  </p>

  <p>
    At Dõlmen, we help companies through brand strategy and design with a strong focus
    on performance &amp; human connections — so they don't just look good, but actively
    drive business metrics such as leads, conversions, investment, and strategic partnerships.
  </p>

  <p>
    We've collaborated with companies such as Nike on strategic branding projects.
    If you'd like to see how we approach this work, you can find some of our most relevant
    case studies on
    <a href=""https://www.dolmenstudios.com"" style=""color: #2b5797; text-decoration: none;"">our website</a>.
  </p>

  <p>
    While researching SaaS companies, I came across
    <strong>Stravito</strong> —
    great to see the backing from Endeit Capital.
    Your SaaS product is solid, but your visual identity doesn&#39;t yet match the quality of what you&#39;ve built — and that gap costs you at every enterprise demo and investor conversation.
  </p>

  <p>
    If useful, we'd be happy to connect and offer a <strong>Free Brand Audit</strong>
    in a first video call — sharing concrete insights and specific improvement opportunities
    for Stravito.
  </p>

  <p>
    If that sounds good to you, just let me know what your availability looks like for next week.
  </p>

  <p style=""margin-top: 2em;"">
    Kind regards,<br>
    <strong>Soufyan</strong>
  </p>

  <hr style=""border: none; border-top: 1px solid #eee; margin-top: 2.5em;"">
  <p style=""font-size: 11px; color: #999; line-height: 1.5;"">
    You received this because Stravito appeared in our research on
    SaaS companies and we believe there could be a genuine fit.
    Reply STOP to opt out and we won't contact you again.
  </p>

</body>
</html>"
pending,Amberscript,https://www.amberscript.com,Endeit Capital,Series A,digital media saas,portfolio_page,,,marketing@amberscript.com,https://www.amberscript.com,Branding opportunity — Amberscript × Dõlmen Studios,"<!DOCTYPE html>
<html lang=""en"">
<head>
  <meta charset=""UTF-8"">
  <meta name=""viewport"" content=""width=device-width, initial-scale=1.0"">
</head>
<body style=""font-family: Georgia, 'Times New Roman', serif; max-width: 600px;
             margin: 0 auto; color: #1a1a1a; line-height: 1.75; padding: 24px;"">

  <p>Hello there,</p>

  <p>
    I'm Soufyan, Strategic Branding Manager at <strong>Dõlmen Studios</strong>.
  </p>

  <p>
    At Dõlmen, we help companies through brand strategy and design with a strong focus
    on performance &amp; human connections — so they don't just look good, but actively
    drive business metrics such as leads, conversions, investment, and strategic partnerships.
  </p>

  <p>
    We've collaborated with companies such as Nike on strategic branding projects.
    If you'd like to see how we approach this work, you can find some of our most relevant
    case studies on
    <a href=""https://www.dolmenstudios.com"" style=""color: #2b5797; text-decoration: none;"">our website</a>.
  </p>

  <p>
    While researching SaaS companies, I came across
    <strong>Amberscript</strong> —
    great to see the backing from Endeit Capital.
    Your SaaS product is solid, but your visual identity doesn&#39;t yet match the quality of what you&#39;ve built — and that gap costs you at every enterprise demo and investor conversation.
  </p>

  <p>
    If useful, we'd be happy to connect and offer a <strong>Free Brand Audit</strong>
    in a first video call — sharing concrete insights and specific improvement opportunities
    for Amberscript.
  </p>

  <p>
    If that sounds good to you, just let me know what your availability looks like for next week.
  </p>

  <p style=""margin-top: 2em;"">
    Kind regards,<br>
    <strong>Soufyan</strong>
  </p>

  <hr style=""border: none; border-top: 1px solid #eee; margin-top: 2.5em;"">
  <p style=""font-size: 11px; color: #999; line-height: 1.5;"">
    You received this because Amberscript appeared in our research on
    SaaS companies and we believe there could be a genuine fit.
    Reply STOP to opt out and we won't contact you again.
  </p>

</body>
</html>"
pending,Parcellab,https://parcellab.com,Endeit Capital,Series A,digital media saas,portfolio_page,,Press inquiries,marketing@parcellab.com,https://parcellab.com/contact,Branding opportunity — Parcellab × Dõlmen Studios,"<!DOCTYPE html>
<html lang=""en"">
<head>
  <meta charset=""UTF-8"">
  <meta name=""viewport"" content=""width=device-width, initial-scale=1.0"">
</head>
<body style=""font-family: Georgia, 'Times New Roman', serif; max-width: 600px;
             margin: 0 auto; color: #1a1a1a; line-height: 1.75; padding: 24px;"">

  <p>Hello Press,</p>

  <p>
    I'm Soufyan, Strategic Branding Manager at <strong>Dõlmen Studios</strong>.
  </p>

  <p>
    At Dõlmen, we help companies through brand strategy and design with a strong focus
    on performance &amp; human connections — so they don't just look good, but actively
    drive business metrics such as leads, conversions, investment, and strategic partnerships.
  </p>

  <p>
    We've collaborated with companies such as Nike on strategic branding projects.
    If you'd like to see how we approach this work, you can find some of our most relevant
    case studies on
    <a href=""https://www.dolmenstudios.com"" style=""color: #2b5797; text-decoration: none;"">our website</a>.
  </p>

  <p>
    While researching SaaS companies, I came across
    <strong>Parcellab</strong> —
    great to see the backing from Endeit Capital.
    Your SaaS product is solid, but your visual identity doesn&#39;t yet match the quality of what you&#39;ve built — and that gap costs you at every enterprise demo and investor conversation.
  </p>

  <p>
    If useful, we'd be happy to connect and offer a <strong>Free Brand Audit</strong>
    in a first video call — sharing concrete insights and specific improvement opportunities
    for Parcellab.
  </p>

  <p>
    If that sounds good to you, just let me know what your availability looks like for next week.
  </p>

  <p style=""margin-top: 2em;"">
    Kind regards,<br>
    <strong>Soufyan</strong>
  </p>

  <hr style=""border: none; border-top: 1px solid #eee; margin-top: 2.5em;"">
  <p style=""font-size: 11px; color: #999; line-height: 1.5;"">
    You received this because Parcellab appeared in our research on
    SaaS companies and we believe there could be a genuine fit.
    Reply STOP to opt out and we won't contact you again.
  </p>

</body>
</html>"
pending,Navan,https://www.navan.com,Endeit Capital,Series A,digital media saas,portfolio_page,,,press@navan.com,https://www.navan.com/about,Branding opportunity — Navan × Dõlmen Studios,"<!DOCTYPE html>
<html lang=""en"">
<head>
  <meta charset=""UTF-8"">
  <meta name=""viewport"" content=""width=device-width, initial-scale=1.0"">
</head>
<body style=""font-family: Georgia, 'Times New Roman', serif; max-width: 600px;
             margin: 0 auto; color: #1a1a1a; line-height: 1.75; padding: 24px;"">

  <p>Hello there,</p>

  <p>
    I'm Soufyan, Strategic Branding Manager at <strong>Dõlmen Studios</strong>.
  </p>

  <p>
    At Dõlmen, we help companies through brand strategy and design with a strong focus
    on performance &amp; human connections — so they don't just look good, but actively
    drive business metrics such as leads, conversions, investment, and strategic partnerships.
  </p>

  <p>
    We've collaborated with companies such as Nike on strategic branding projects.
    If you'd like to see how we approach this work, you can find some of our most relevant
    case studies on
    <a href=""https://www.dolmenstudios.com"" style=""color: #2b5797; text-decoration: none;"">our website</a>.
  </p>

  <p>
    While researching SaaS companies, I came across
    <strong>Navan</strong> —
    great to see the backing from Endeit Capital.
    Your SaaS product is solid, but your visual identity doesn&#39;t yet match the quality of what you&#39;ve built — and that gap costs you at every enterprise demo and investor conversation.
  </p>

  <p>
    If useful, we'd be happy to connect and offer a <strong>Free Brand Audit</strong>
    in a first video call — sharing concrete insights and specific improvement opportunities
    for Navan.
  </p>

  <p>
    If that sounds good to you, just let me know what your availability looks like for next week.
  </p>

  <p style=""margin-top: 2em;"">
    Kind regards,<br>
    <strong>Soufyan</strong>
  </p>

  <hr style=""border: none; border-top: 1px solid #eee; margin-top: 2.5em;"">
  <p style=""font-size: 11px; color: #999; line-height: 1.5;"">
    You received this because Navan appeared in our research on
    SaaS companies and we believe there could be a genuine fit.
    Reply STOP to opt out and we won't contact you again.
  </p>

</body>
</html>"
pending,Floryn,https://www.floryn.com,Endeit Capital,Series A,digital media saas,portfolio_page,,E-mail,contact@floryn.com,https://www.floryn.com/contact,Branding opportunity — Floryn × Dõlmen Studios,"<!DOCTYPE html>
<html lang=""en"">
<head>
  <meta charset=""UTF-8"">
  <meta name=""viewport"" content=""width=device-width, initial-scale=1.0"">
</head>
<body style=""font-family: Georgia, 'Times New Roman', serif; max-width: 600px;
             margin: 0 auto; color: #1a1a1a; line-height: 1.75; padding: 24px;"">

  <p>Hello E-mail,</p>

  <p>
    I'm Soufyan, Strategic Branding Manager at <strong>Dõlmen Studios</strong>.
  </p>

  <p>
    At Dõlmen, we help companies through brand strategy and design with a strong focus
    on performance &amp; human connections — so they don't just look good, but actively
    drive business metrics such as leads, conversions, investment, and strategic partnerships.
  </p>

  <p>
    We've collaborated with companies such as Nike on strategic branding projects.
    If you'd like to see how we approach this work, you can find some of our most relevant
    case studies on
    <a href=""https://www.dolmenstudios.com"" style=""color: #2b5797; text-decoration: none;"">our website</a>.
  </p>

  <p>
    While researching SaaS companies, I came across
    <strong>Floryn</strong> —
    great to see the backing from Endeit Capital.
    Your SaaS product is solid, but your visual identity doesn&#39;t yet match the quality of what you&#39;ve built — and that gap costs you at every enterprise demo and investor conversation.
  </p>

  <p>
    If useful, we'd be happy to connect and offer a <strong>Free Brand Audit</strong>
    in a first video call — sharing concrete insights and specific improvement opportunities
    for Floryn.
  </p>

  <p>
    If that sounds good to you, just let me know what your availability looks like for next week.
  </p>

  <p style=""margin-top: 2em;"">
    Kind regards,<br>
    <strong>Soufyan</strong>
  </p>

  <hr style=""border: none; border-top: 1px solid #eee; margin-top: 2.5em;"">
  <p style=""font-size: 11px; color: #999; line-height: 1.5;"">
    You received this because Floryn appeared in our research on
    SaaS companies and we believe there could be a genuine fit.
    Reply STOP to opt out and we won't contact you again.
  </p>

</body>
</html>"
pending,Iprally,https://www.iprally.com,Endeit Capital,Series A,digital media saas,portfolio_page,,,contact@iprally.com,https://www.iprally.com/about-us,Branding opportunity — Iprally × Dõlmen Studios,"<!DOCTYPE html>
<html lang=""en"">
<head>
  <meta charset=""UTF-8"">
  <meta name=""viewport"" content=""width=device-width, initial-scale=1.0"">
</head>
<body style=""font-family: Georgia, 'Times New Roman', serif; max-width: 600px;
             margin: 0 auto; color: #1a1a1a; line-height: 1.75; padding: 24px;"">

  <p>Hello there,</p>

  <p>
    I'm Soufyan, Strategic Branding Manager at <strong>Dõlmen Studios</strong>.
  </p>

  <p>
    At Dõlmen, we help companies through brand strategy and design with a strong focus
    on performance &amp; human connections — so they don't just look good, but actively
    drive business metrics such as leads, conversions, investment, and strategic partnerships.
  </p>

  <p>
    We've collaborated with companies such as Nike on strategic branding projects.
    If you'd like to see how we approach this work, you can find some of our most relevant
    case studies on
    <a href=""https://www.dolmenstudios.com"" style=""color: #2b5797; text-decoration: none;"">our website</a>.
  </p>

  <p>
    While researching SaaS companies, I came across
    <strong>Iprally</strong> —
    great to see the backing from Endeit Capital.
    Your SaaS product is solid, but your visual identity doesn&#39;t yet match the quality of what you&#39;ve built — and that gap costs you at every enterprise demo and investor conversation.
  </p>

  <p>
    If useful, we'd be happy to connect and offer a <strong>Free Brand Audit</strong>
    in a first video call — sharing concrete insights and specific improvement opportunities
    for Iprally.
  </p>

  <p>
    If that sounds good to you, just let me know what your availability looks like for next week.
  </p>

  <p style=""margin-top: 2em;"">
    Kind regards,<br>
    <strong>Soufyan</strong>
  </p>

  <hr style=""border: none; border-top: 1px solid #eee; margin-top: 2.5em;"">
  <p style=""font-size: 11px; color: #999; line-height: 1.5;"">
    You received this because Iprally appeared in our research on
    SaaS companies and we believe there could be a genuine fit.
    Reply STOP to opt out and we won't contact you again.
  </p>

</body>
</html>"
pending,Happeo,https://www.happeo.com,Endeit Capital,Series A,digital media saas,portfolio_page,,,hello@happeo.com,pattern-based,Branding opportunity — Happeo × Dõlmen Studios,"<!DOCTYPE html>
<html lang=""en"">
<head>
  <meta charset=""UTF-8"">
  <meta name=""viewport"" content=""width=device-width, initial-scale=1.0"">
</head>
<body style=""font-family: Georgia, 'Times New Roman', serif; max-width: 600px;
             margin: 0 auto; color: #1a1a1a; line-height: 1.75; padding: 24px;"">

  <p>Hello there,</p>

  <p>
    I'm Soufyan, Strategic Branding Manager at <strong>Dõlmen Studios</strong>.
  </p>

  <p>
    At Dõlmen, we help companies through brand strategy and design with a strong focus
    on performance &amp; human connections — so they don't just look good, but actively
    drive business metrics such as leads, conversions, investment, and strategic partnerships.
  </p>

  <p>
    We've collaborated with companies such as Nike on strategic branding projects.
    If you'd like to see how we approach this work, you can find some of our most relevant
    case studies on
    <a href=""https://www.dolmenstudios.com"" style=""color: #2b5797; text-decoration: none;"">our website</a>.
  </p>

  <p>
    While researching SaaS companies, I came across
    <strong>Happeo</strong> —
    great to see the backing from Endeit Capital.
    Your SaaS product is solid, but your visual identity doesn&#39;t yet match the quality of what you&#39;ve built — and that gap costs you at every enterprise demo and investor conversation.
  </p>

  <p>
    If useful, we'd be happy to connect and offer a <strong>Free Brand Audit</strong>
    in a first video call — sharing concrete insights and specific improvement opportunities
    for Happeo.
  </p>

  <p>
    If that sounds good to you, just let me know what your availability looks like for next week.
  </p>

  <p style=""margin-top: 2em;"">
    Kind regards,<br>
    <strong>Soufyan</strong>
  </p>

  <hr style=""border: none; border-top: 1px solid #eee; margin-top: 2.5em;"">
  <p style=""font-size: 11px; color: #999; line-height: 1.5;"">
    You received this because Happeo appeared in our research on
    SaaS companies and we believe there could be a genuine fit.
    Reply STOP to opt out and we won't contact you again.
  </p>

</body>
</html>"
pending,Virtuagym,https://virtuagym.com,Endeit Capital,Series A,digital media saas,portfolio_page,,,hello@virtuagym.com,pattern-based,Branding opportunity — Virtuagym × Dõlmen Studios,"<!DOCTYPE html>
<html lang=""en"">
<head>
  <meta charset=""UTF-8"">
  <meta name=""viewport"" content=""width=device-width, initial-scale=1.0"">
</head>
<body style=""font-family: Georgia, 'Times New Roman', serif; max-width: 600px;
             margin: 0 auto; color: #1a1a1a; line-height: 1.75; padding: 24px;"">

  <p>Hello there,</p>

  <p>
    I'm Soufyan, Strategic Branding Manager at <strong>Dõlmen Studios</strong>.
  </p>

  <p>
    At Dõlmen, we help companies through brand strategy and design with a strong focus
    on performance &amp; human connections — so they don't just look good, but actively
    drive business metrics such as leads, conversions, investment, and strategic partnerships.
  </p>

  <p>
    We've collaborated with companies such as Nike on strategic branding projects.
    If you'd like to see how we approach this work, you can find some of our most relevant
    case studies on
    <a href=""https://www.dolmenstudios.com"" style=""color: #2b5797; text-decoration: none;"">our website</a>.
  </p>

  <p>
    While researching SaaS companies, I came across
    <strong>Virtuagym</strong> —
    great to see the backing from Endeit Capital.
    Your SaaS product is solid, but your visual identity doesn&#39;t yet match the quality of what you&#39;ve built — and that gap costs you at every enterprise demo and investor conversation.
  </p>

  <p>
    If useful, we'd be happy to connect and offer a <strong>Free Brand Audit</strong>
    in a first video call — sharing concrete insights and specific improvement opportunities
    for Virtuagym.
  </p>

  <p>
    If that sounds good to you, just let me know what your availability looks like for next week.
  </p>

  <p style=""margin-top: 2em;"">
    Kind regards,<br>
    <strong>Soufyan</strong>
  </p>

  <hr style=""border: none; border-top: 1px solid #eee; margin-top: 2.5em;"">
  <p style=""font-size: 11px; color: #999; line-height: 1.5;"">
    You received this because Virtuagym appeared in our research on
    SaaS companies and we believe there could be a genuine fit.
    Reply STOP to opt out and we won't contact you again.
  </p>

</body>
</html>"
pending,Tourradar,https://www.tourradar.com,Endeit Capital,Series A,digital media saas,portfolio_page,,,hello@tourradar.com,pattern-based,Branding opportunity — Tourradar × Dõlmen Studios,"<!DOCTYPE html>
<html lang=""en"">
<head>
  <meta charset=""UTF-8"">
  <meta name=""viewport"" content=""width=device-width, initial-scale=1.0"">
</head>
<body style=""font-family: Georgia, 'Times New Roman', serif; max-width: 600px;
             margin: 0 auto; color: #1a1a1a; line-height: 1.75; padding: 24px;"">

  <p>Hello there,</p>

  <p>
    I'm Soufyan, Strategic Branding Manager at <strong>Dõlmen Studios</strong>.
  </p>

  <p>
    At Dõlmen, we help companies through brand strategy and design with a strong focus
    on performance &amp; human connections — so they don't just look good, but actively
    drive business metrics such as leads, conversions, investment, and strategic partnerships.
  </p>

  <p>
    We've collaborated with companies such as Nike on strategic branding projects.
    If you'd like to see how we approach this work, you can find some of our most relevant
    case studies on
    <a href=""https://www.dolmenstudios.com"" style=""color: #2b5797; text-decoration: none;"">our website</a>.
  </p>

  <p>
    While researching SaaS companies, I came across
    <strong>Tourradar</strong> —
    great to see the backing from Endeit Capital.
    Your SaaS product is solid, but your visual identity doesn&#39;t yet match the quality of what you&#39;ve built — and that gap costs you at every enterprise demo and investor conversation.
  </p>

  <p>
    If useful, we'd be happy to connect and offer a <strong>Free Brand Audit</strong>
    in a first video call — sharing concrete insights and specific improvement opportunities
    for Tourradar.
  </p>

  <p>
    If that sounds good to you, just let me know what your availability looks like for next week.
  </p>

  <p style=""margin-top: 2em;"">
    Kind regards,<br>
    <strong>Soufyan</strong>
  </p>

  <hr style=""border: none; border-top: 1px solid #eee; margin-top: 2.5em;"">
  <p style=""font-size: 11px; color: #999; line-height: 1.5;"">
    You received this because Tourradar appeared in our research on
    SaaS companies and we believe there could be a genuine fit.
    Reply STOP to opt out and we won't contact you again.
  </p>

</body>
</html>"
pending,Cevinio,https://cevinio.com,Endeit Capital,Series A,digital media saas,portfolio_page,,,info@cevinio.com,https://cevinio.com,Branding opportunity — Cevinio × Dõlmen Studios,"<!DOCTYPE html>
<html lang=""en"">
<head>
  <meta charset=""UTF-8"">
  <meta name=""viewport"" content=""width=device-width, initial-scale=1.0"">
</head>
<body style=""font-family: Georgia, 'Times New Roman', serif; max-width: 600px;
             margin: 0 auto; color: #1a1a1a; line-height: 1.75; padding: 24px;"">

  <p>Hello there,</p>

  <p>
    I'm Soufyan, Strategic Branding Manager at <strong>Dõlmen Studios</strong>.
  </p>

  <p>
    At Dõlmen, we help companies through brand strategy and design with a strong focus
    on performance &amp; human connections — so they don't just look good, but actively
    drive business metrics such as leads, conversions, investment, and strategic partnerships.
  </p>

  <p>
    We've collaborated with companies such as Nike on strategic branding projects.
    If you'd like to see how we approach this work, you can find some of our most relevant
    case studies on
    <a href=""https://www.dolmenstudios.com"" style=""color: #2b5797; text-decoration: none;"">our website</a>.
  </p>

  <p>
    While researching SaaS companies, I came across
    <strong>Cevinio</strong> —
    great to see the backing from Endeit Capital.
    Your SaaS product is solid, but your visual identity doesn&#39;t yet match the quality of what you&#39;ve built — and that gap costs you at every enterprise demo and investor conversation.
  </p>

  <p>
    If useful, we'd be happy to connect and offer a <strong>Free Brand Audit</strong>
    in a first video call — sharing concrete insights and specific improvement opportunities
    for Cevinio.
  </p>

  <p>
    If that sounds good to you, just let me know what your availability looks like for next week.
  </p>

  <p style=""margin-top: 2em;"">
    Kind regards,<br>
    <strong>Soufyan</strong>
  </p>

  <hr style=""border: none; border-top: 1px solid #eee; margin-top: 2.5em;"">
  <p style=""font-size: 11px; color: #999; line-height: 1.5;"">
    You received this because Cevinio appeared in our research on
    SaaS companies and we believe there could be a genuine fit.
    Reply STOP to opt out and we won't contact you again.
  </p>

</body>
</html>"
pending,Roamler,http://www.roamler.nl,Endeit Capital,Series A,digital media saas,portfolio_page,,,uksupport@roamler.com,http://www.roamler.nl/contact,Branding opportunity — Roamler × Dõlmen Studios,"<!DOCTYPE html>
<html lang=""en"">
<head>
  <meta charset=""UTF-8"">
  <meta name=""viewport"" content=""width=device-width, initial-scale=1.0"">
</head>
<body style=""font-family: Georgia, 'Times New Roman', serif; max-width: 600px;
             margin: 0 auto; color: #1a1a1a; line-height: 1.75; padding: 24px;"">

  <p>Hello there,</p>

  <p>
    I'm Soufyan, Strategic Branding Manager at <strong>Dõlmen Studios</strong>.
  </p>

  <p>
    At Dõlmen, we help companies through brand strategy and design with a strong focus
    on performance &amp; human connections — so they don't just look good, but actively
    drive business metrics such as leads, conversions, investment, and strategic partnerships.
  </p>

  <p>
    We've collaborated with companies such as Nike on strategic branding projects.
    If you'd like to see how we approach this work, you can find some of our most relevant
    case studies on
    <a href=""https://www.dolmenstudios.com"" style=""color: #2b5797; text-decoration: none;"">our website</a>.
  </p>

  <p>
    While researching SaaS companies, I came across
    <strong>Roamler</strong> —
    great to see the backing from Endeit Capital.
    Your SaaS product is solid, but your visual identity doesn&#39;t yet match the quality of what you&#39;ve built — and that gap costs you at every enterprise demo and investor conversation.
  </p>

  <p>
    If useful, we'd be happy to connect and offer a <strong>Free Brand Audit</strong>
    in a first video call — sharing concrete insights and specific improvement opportunities
    for Roamler.
  </p>

  <p>
    If that sounds good to you, just let me know what your availability looks like for next week.
  </p>

  <p style=""margin-top: 2em;"">
    Kind regards,<br>
    <strong>Soufyan</strong>
  </p>

  <hr style=""border: none; border-top: 1px solid #eee; margin-top: 2.5em;"">
  <p style=""font-size: 11px; color: #999; line-height: 1.5;"">
    You received this because Roamler appeared in our research on
    SaaS companies and we believe there could be a genuine fit.
    Reply STOP to opt out and we won't contact you again.
  </p>

</body>
</html>"
pending,Albelli,https://www.albelli.nl,Endeit Capital,Series A,digital media saas,portfolio_page,,,hello@albelli.nl,pattern-based,Branding opportunity — Albelli × Dõlmen Studios,"<!DOCTYPE html>
<html lang=""en"">
<head>
  <meta charset=""UTF-8"">
  <meta name=""viewport"" content=""width=device-width, initial-scale=1.0"">
</head>
<body style=""font-family: Georgia, 'Times New Roman', serif; max-width: 600px;
             margin: 0 auto; color: #1a1a1a; line-height: 1.75; padding: 24px;"">

  <p>Hello there,</p>

  <p>
    I'm Soufyan, Strategic Branding Manager at <strong>Dõlmen Studios</strong>.
  </p>

  <p>
    At Dõlmen, we help companies through brand strategy and design with a strong focus
    on performance &amp; human connections — so they don't just look good, but actively
    drive business metrics such as leads, conversions, investment, and strategic partnerships.
  </p>

  <p>
    We've collaborated with companies such as Nike on strategic branding projects.
    If you'd like to see how we approach this work, you can find some of our most relevant
    case studies on
    <a href=""https://www.dolmenstudios.com"" style=""color: #2b5797; text-decoration: none;"">our website</a>.
  </p>

  <p>
    While researching SaaS companies, I came across
    <strong>Albelli</strong> —
    great to see the backing from Endeit Capital.
    Your SaaS product is solid, but your visual identity doesn&#39;t yet match the quality of what you&#39;ve built — and that gap costs you at every enterprise demo and investor conversation.
  </p>

  <p>
    If useful, we'd be happy to connect and offer a <strong>Free Brand Audit</strong>
    in a first video call — sharing concrete insights and specific improvement opportunities
    for Albelli.
  </p>

  <p>
    If that sounds good to you, just let me know what your availability looks like for next week.
  </p>

  <p style=""margin-top: 2em;"">
    Kind regards,<br>
    <strong>Soufyan</strong>
  </p>

  <hr style=""border: none; border-top: 1px solid #eee; margin-top: 2.5em;"">
  <p style=""font-size: 11px; color: #999; line-height: 1.5;"">
    You received this because Albelli appeared in our research on
    SaaS companies and we believe there could be a genuine fit.
    Reply STOP to opt out and we won't contact you again.
  </p>

</body>
</html>"
pending,Blis,https://www.blis.com,Endeit Capital,Series A,digital media saas,portfolio_page,,,hello@blis.com,pattern-based,Branding opportunity — Blis × Dõlmen Studios,"<!DOCTYPE html>
<html lang=""en"">
<head>
  <meta charset=""UTF-8"">
  <meta name=""viewport"" content=""width=device-width, initial-scale=1.0"">
</head>
<body style=""font-family: Georgia, 'Times New Roman', serif; max-width: 600px;
             margin: 0 auto; color: #1a1a1a; line-height: 1.75; padding: 24px;"">

  <p>Hello there,</p>

  <p>
    I'm Soufyan, Strategic Branding Manager at <strong>Dõlmen Studios</strong>.
  </p>

  <p>
    At Dõlmen, we help companies through brand strategy and design with a strong focus
    on performance &amp; human connections — so they don't just look good, but actively
    drive business metrics such as leads, conversions, investment, and strategic partnerships.
  </p>

  <p>
    We've collaborated with companies such as Nike on strategic branding projects.
    If you'd like to see how we approach this work, you can find some of our most relevant
    case studies on
    <a href=""https://www.dolmenstudios.com"" style=""color: #2b5797; text-decoration: none;"">our website</a>.
  </p>

  <p>
    While researching SaaS companies, I came across
    <strong>Blis</strong> —
    great to see the backing from Endeit Capital.
    Your SaaS product is solid, but your visual identity doesn&#39;t yet match the quality of what you&#39;ve built — and that gap costs you at every enterprise demo and investor conversation.
  </p>

  <p>
    If useful, we'd be happy to connect and offer a <strong>Free Brand Audit</strong>
    in a first video call — sharing concrete insights and specific improvement opportunities
    for Blis.
  </p>

  <p>
    If that sounds good to you, just let me know what your availability looks like for next week.
  </p>

  <p style=""margin-top: 2em;"">
    Kind regards,<br>
    <strong>Soufyan</strong>
  </p>

  <hr style=""border: none; border-top: 1px solid #eee; margin-top: 2.5em;"">
  <p style=""font-size: 11px; color: #999; line-height: 1.5;"">
    You received this because Blis appeared in our research on
    SaaS companies and we believe there could be a genuine fit.
    Reply STOP to opt out and we won't contact you again.
  </p>

</body>
</html>"
pending,Raadhuis,https://www.raadhuis.com,Newion,seed,software saas,portfolio_page,,,info@raadhuis.com,https://www.raadhuis.com,Branding opportunity — Raadhuis × Dõlmen Studios,"<!DOCTYPE html>
<html lang=""en"">
<head>
  <meta charset=""UTF-8"">
  <meta name=""viewport"" content=""width=device-width, initial-scale=1.0"">
</head>
<body style=""font-family: Georgia, 'Times New Roman', serif; max-width: 600px;
             margin: 0 auto; color: #1a1a1a; line-height: 1.75; padding: 24px;"">

  <p>Hello there,</p>

  <p>
    I'm Soufyan, Strategic Branding Manager at <strong>Dõlmen Studios</strong>.
  </p>

  <p>
    At Dõlmen, we help companies through brand strategy and design with a strong focus
    on performance &amp; human connections — so they don't just look good, but actively
    drive business metrics such as leads, conversions, investment, and strategic partnerships.
  </p>

  <p>
    We've collaborated with companies such as Nike on strategic branding projects.
    If you'd like to see how we approach this work, you can find some of our most relevant
    case studies on
    <a href=""https://www.dolmenstudios.com"" style=""color: #2b5797; text-decoration: none;"">our website</a>.
  </p>

  <p>
    While researching SaaS companies, I came across
    <strong>Raadhuis</strong> —
    great to see the backing from Newion.
    Your SaaS product is solid, but your visual identity doesn&#39;t yet match the quality of what you&#39;ve built — and that gap costs you at every enterprise demo and investor conversation.
  </p>

  <p>
    If useful, we'd be happy to connect and offer a <strong>Free Brand Audit</strong>
    in a first video call — sharing concrete insights and specific improvement opportunities
    for Raadhuis.
  </p>

  <p>
    If that sounds good to you, just let me know what your availability looks like for next week.
  </p>

  <p style=""margin-top: 2em;"">
    Kind regards,<br>
    <strong>Soufyan</strong>
  </p>

  <hr style=""border: none; border-top: 1px solid #eee; margin-top: 2.5em;"">
  <p style=""font-size: 11px; color: #999; line-height: 1.5;"">
    You received this because Raadhuis appeared in our research on
    SaaS companies and we believe there could be a genuine fit.
    Reply STOP to opt out and we won't contact you again.
  </p>

</body>
</html>"
pending,Home,https://www.henq.vc,Henq Ventures,seed,b2b saas,portfolio_page,,,hello@henq.vc,pattern-based,Branding opportunity — Home × Dõlmen Studios,"<!DOCTYPE html>
<html lang=""en"">
<head>
  <meta charset=""UTF-8"">
  <meta name=""viewport"" content=""width=device-width, initial-scale=1.0"">
</head>
<body style=""font-family: Georgia, 'Times New Roman', serif; max-width: 600px;
             margin: 0 auto; color: #1a1a1a; line-height: 1.75; padding: 24px;"">

  <p>Hello there,</p>

  <p>
    I'm Soufyan, Strategic Branding Manager at <strong>Dõlmen Studios</strong>.
  </p>

  <p>
    At Dõlmen, we help companies through brand strategy and design with a strong focus
    on performance &amp; human connections — so they don't just look good, but actively
    drive business metrics such as leads, conversions, investment, and strategic partnerships.
  </p>

  <p>
    We've collaborated with companies such as Nike on strategic branding projects.
    If you'd like to see how we approach this work, you can find some of our most relevant
    case studies on
    <a href=""https://www.dolmenstudios.com"" style=""color: #2b5797; text-decoration: none;"">our website</a>.
  </p>

  <p>
    While researching SaaS companies, I came across
    <strong>Home</strong> —
    great to see the backing from Henq Ventures.
    Your SaaS product is solid, but your visual identity doesn&#39;t yet match the quality of what you&#39;ve built — and that gap costs you at every enterprise demo and investor conversation.
  </p>

  <p>
    If useful, we'd be happy to connect and offer a <strong>Free Brand Audit</strong>
    in a first video call — sharing concrete insights and specific improvement opportunities
    for Home.
  </p>

  <p>
    If that sounds good to you, just let me know what your availability looks like for next week.
  </p>

  <p style=""margin-top: 2em;"">
    Kind regards,<br>
    <strong>Soufyan</strong>
  </p>

  <hr style=""border: none; border-top: 1px solid #eee; margin-top: 2.5em;"">
  <p style=""font-size: 11px; color: #999; line-height: 1.5;"">
    You received this because Home appeared in our research on
    SaaS companies and we believe there could be a genuine fit.
    Reply STOP to opt out and we won't contact you again.
  </p>

</body>
</html>"
pending,BuroHenk,https://www.burohenk.nl,Henq Ventures,seed,b2b saas,portfolio_page,,,henk@burohenk.nl,https://www.burohenk.nl,Branding opportunity — BuroHenk × Dõlmen Studios,"<!DOCTYPE html>
<html lang=""en"">
<head>
  <meta charset=""UTF-8"">
  <meta name=""viewport"" content=""width=device-width, initial-scale=1.0"">
</head>
<body style=""font-family: Georgia, 'Times New Roman', serif; max-width: 600px;
             margin: 0 auto; color: #1a1a1a; line-height: 1.75; padding: 24px;"">

  <p>Hello there,</p>

  <p>
    I'm Soufyan, Strategic Branding Manager at <strong>Dõlmen Studios</strong>.
  </p>

  <p>
    At Dõlmen, we help companies through brand strategy and design with a strong focus
    on performance &amp; human connections — so they don't just look good, but actively
    drive business metrics such as leads, conversions, investment, and strategic partnerships.
  </p>

  <p>
    We've collaborated with companies such as Nike on strategic branding projects.
    If you'd like to see how we approach this work, you can find some of our most relevant
    case studies on
    <a href=""https://www.dolmenstudios.com"" style=""color: #2b5797; text-decoration: none;"">our website</a>.
  </p>

  <p>
    While researching SaaS companies, I came across
    <strong>BuroHenk</strong> —
    great to see the backing from Henq Ventures.
    Your SaaS product is solid, but your visual identity doesn&#39;t yet match the quality of what you&#39;ve built — and that gap costs you at every enterprise demo and investor conversation.
  </p>

  <p>
    If useful, we'd be happy to connect and offer a <strong>Free Brand Audit</strong>
    in a first video call — sharing concrete insights and specific improvement opportunities
    for BuroHenk.
  </p>

  <p>
    If that sounds good to you, just let me know what your availability looks like for next week.
  </p>

  <p style=""margin-top: 2em;"">
    Kind regards,<br>
    <strong>Soufyan</strong>
  </p>

  <hr style=""border: none; border-top: 1px solid #eee; margin-top: 2.5em;"">
  <p style=""font-size: 11px; color: #999; line-height: 1.5;"">
    You received this because BuroHenk appeared in our research on
    SaaS companies and we believe there could be a genuine fit.
    Reply STOP to opt out and we won't contact you again.
  </p>

</body>
</html>"
pending,AWINK,https://www.awink.nl,Henq Ventures,seed,b2b saas,portfolio_page,,,wink@awink.nl,https://www.awink.nl,Branding opportunity — AWINK × Dõlmen Studios,"<!DOCTYPE html>
<html lang=""en"">
<head>
  <meta charset=""UTF-8"">
  <meta name=""viewport"" content=""width=device-width, initial-scale=1.0"">
</head>
<body style=""font-family: Georgia, 'Times New Roman', serif; max-width: 600px;
             margin: 0 auto; color: #1a1a1a; line-height: 1.75; padding: 24px;"">

  <p>Hello there,</p>

  <p>
    I'm Soufyan, Strategic Branding Manager at <strong>Dõlmen Studios</strong>.
  </p>

  <p>
    At Dõlmen, we help companies through brand strategy and design with a strong focus
    on performance &amp; human connections — so they don't just look good, but actively
    drive business metrics such as leads, conversions, investment, and strategic partnerships.
  </p>

  <p>
    We've collaborated with companies such as Nike on strategic branding projects.
    If you'd like to see how we approach this work, you can find some of our most relevant
    case studies on
    <a href=""https://www.dolmenstudios.com"" style=""color: #2b5797; text-decoration: none;"">our website</a>.
  </p>

  <p>
    While researching SaaS companies, I came across
    <strong>AWINK</strong> —
    great to see the backing from Henq Ventures.
    Your SaaS product is solid, but your visual identity doesn&#39;t yet match the quality of what you&#39;ve built — and that gap costs you at every enterprise demo and investor conversation.
  </p>

  <p>
    If useful, we'd be happy to connect and offer a <strong>Free Brand Audit</strong>
    in a first video call — sharing concrete insights and specific improvement opportunities
    for AWINK.
  </p>

  <p>
    If that sounds good to you, just let me know what your availability looks like for next week.
  </p>

  <p style=""margin-top: 2em;"">
    Kind regards,<br>
    <strong>Soufyan</strong>
  </p>

  <hr style=""border: none; border-top: 1px solid #eee; margin-top: 2.5em;"">
  <p style=""font-size: 11px; color: #999; line-height: 1.5;"">
    You received this because AWINK appeared in our research on
    SaaS companies and we believe there could be a genuine fit.
    Reply STOP to opt out and we won't contact you again.
  </p>

</body>
</html>"
pending,Made with Friend Studio,https://friendstudio.com,Forbion,Series A,biotech healthtech,portfolio_page,,,hello@friendstudio.com,https://friendstudio.com,Branding opportunity — Made with Friend Studio × Dõlmen Studios,"<!DOCTYPE html>
<html lang=""en"">
<head>
  <meta charset=""UTF-8"">
  <meta name=""viewport"" content=""width=device-width, initial-scale=1.0"">
</head>
<body style=""font-family: Georgia, 'Times New Roman', serif; max-width: 600px;
             margin: 0 auto; color: #1a1a1a; line-height: 1.75; padding: 24px;"">

  <p>Hello there,</p>

  <p>
    I'm Soufyan, Strategic Branding Manager at <strong>Dõlmen Studios</strong>.
  </p>

  <p>
    At Dõlmen, we help companies through brand strategy and design with a strong focus
    on performance &amp; human connections — so they don't just look good, but actively
    drive business metrics such as leads, conversions, investment, and strategic partnerships.
  </p>

  <p>
    We've collaborated with companies such as Nike on strategic branding projects.
    If you'd like to see how we approach this work, you can find some of our most relevant
    case studies on
    <a href=""https://www.dolmenstudios.com"" style=""color: #2b5797; text-decoration: none;"">our website</a>.
  </p>

  <p>
    While researching healthcare technology companies, I came across
    <strong>Made with Friend Studio</strong> —
    great to see the backing from Forbion.
    Your health solution is solid, but your digital presence underrepresents the quality of care you deliver, which can slow trust-building with both patients and institutional partners.
  </p>

  <p>
    If useful, we'd be happy to connect and offer a <strong>Free Brand Audit</strong>
    in a first video call — sharing concrete insights and specific improvement opportunities
    for Made with Friend Studio.
  </p>

  <p>
    If that sounds good to you, just let me know what your availability looks like for next week.
  </p>

  <p style=""margin-top: 2em;"">
    Kind regards,<br>
    <strong>Soufyan</strong>
  </p>

  <hr style=""border: none; border-top: 1px solid #eee; margin-top: 2.5em;"">
  <p style=""font-size: 11px; color: #999; line-height: 1.5;"">
    You received this because Made with Friend Studio appeared in our research on
    healthcare technology companies and we believe there could be a genuine fit.
    Reply STOP to opt out and we won't contact you again.
  </p>

</body>
</html>"
pending,Over onsOver ons,https://www.npm-capital.com,NPM Capital,Series A,technology,portfolio_page,,,info@npm-capital.com,https://www.npm-capital.com,Branding opportunity — Over onsOver ons × Dõlmen Studios,"<!DOCTYPE html>
<html lang=""en"">
<head>
  <meta charset=""UTF-8"">
  <meta name=""viewport"" content=""width=device-width, initial-scale=1.0"">
</head>
<body style=""font-family: Georgia, 'Times New Roman', serif; max-width: 600px;
             margin: 0 auto; color: #1a1a1a; line-height: 1.75; padding: 24px;"">

  <p>Hello there,</p>

  <p>
    I'm Soufyan, Strategic Branding Manager at <strong>Dõlmen Studios</strong>.
  </p>

  <p>
    At Dõlmen, we help companies through brand strategy and design with a strong focus
    on performance &amp; human connections — so they don't just look good, but actively
    drive business metrics such as leads, conversions, investment, and strategic partnerships.
  </p>

  <p>
    We've collaborated with companies such as Nike on strategic branding projects.
    If you'd like to see how we approach this work, you can find some of our most relevant
    case studies on
    <a href=""https://www.dolmenstudios.com"" style=""color: #2b5797; text-decoration: none;"">our website</a>.
  </p>

  <p>
    While researching technology companies, I came across
    <strong>Over onsOver ons</strong> —
    great to see the backing from NPM Capital.
    Your product is solid, but we believe there&#39;s a meaningful opportunity to strengthen your visual identity and messaging to match the quality of your underlying business.
  </p>

  <p>
    If useful, we'd be happy to connect and offer a <strong>Free Brand Audit</strong>
    in a first video call — sharing concrete insights and specific improvement opportunities
    for Over onsOver ons.
  </p>

  <p>
    If that sounds good to you, just let me know what your availability looks like for next week.
  </p>

  <p style=""margin-top: 2em;"">
    Kind regards,<br>
    <strong>Soufyan</strong>
  </p>

  <hr style=""border: none; border-top: 1px solid #eee; margin-top: 2.5em;"">
  <p style=""font-size: 11px; color: #999; line-height: 1.5;"">
    You received this because Over onsOver ons appeared in our research on
    technology companies and we believe there could be a genuine fit.
    Reply STOP to opt out and we won't contact you again.
  </p>

</body>
</html>"
pending,Home,https://www.volta.ventures,Volta Ventures,seed,saas b2b,portfolio_page,,,info@voltaventures.eu,https://www.volta.ventures,Branding opportunity — Home × Dõlmen Studios,"<!DOCTYPE html>
<html lang=""en"">
<head>
  <meta charset=""UTF-8"">
  <meta name=""viewport"" content=""width=device-width, initial-scale=1.0"">
</head>
<body style=""font-family: Georgia, 'Times New Roman', serif; max-width: 600px;
             margin: 0 auto; color: #1a1a1a; line-height: 1.75; padding: 24px;"">

  <p>Hello there,</p>

  <p>
    I'm Soufyan, Strategic Branding Manager at <strong>Dõlmen Studios</strong>.
  </p>

  <p>
    At Dõlmen, we help companies through brand strategy and design with a strong focus
    on performance &amp; human connections — so they don't just look good, but actively
    drive business metrics such as leads, conversions, investment, and strategic partnerships.
  </p>

  <p>
    We've collaborated with companies such as Nike on strategic branding projects.
    If you'd like to see how we approach this work, you can find some of our most relevant
    case studies on
    <a href=""https://www.dolmenstudios.com"" style=""color: #2b5797; text-decoration: none;"">our website</a>.
  </p>

  <p>
    While researching SaaS companies, I came across
    <strong>Home</strong> —
    great to see the backing from Volta Ventures.
    Your SaaS product is solid, but your visual identity doesn&#39;t yet match the quality of what you&#39;ve built — and that gap costs you at every enterprise demo and investor conversation.
  </p>

  <p>
    If useful, we'd be happy to connect and offer a <strong>Free Brand Audit</strong>
    in a first video call — sharing concrete insights and specific improvement opportunities
    for Home.
  </p>

  <p>
    If that sounds good to you, just let me know what your availability looks like for next week.
  </p>

  <p style=""margin-top: 2em;"">
    Kind regards,<br>
    <strong>Soufyan</strong>
  </p>

  <hr style=""border: none; border-top: 1px solid #eee; margin-top: 2.5em;"">
  <p style=""font-size: 11px; color: #999; line-height: 1.5;"">
    You received this because Home appeared in our research on
    SaaS companies and we believe there could be a genuine fit.
    Reply STOP to opt out and we won't contact you again.
  </p>

</body>
</html>"
pending,Wellhub,http://www.wellhub.com,Inkef Capital,seed,healthtech life sciences,portfolio_page,,,press@wellhub.com,http://www.wellhub.com,Branding opportunity — Wellhub × Dõlmen Studios,"<!DOCTYPE html>
<html lang=""en"">
<head>
  <meta charset=""UTF-8"">
  <meta name=""viewport"" content=""width=device-width, initial-scale=1.0"">
</head>
<body style=""font-family: Georgia, 'Times New Roman', serif; max-width: 600px;
             margin: 0 auto; color: #1a1a1a; line-height: 1.75; padding: 24px;"">

  <p>Hello there,</p>

  <p>
    I'm Soufyan, Strategic Branding Manager at <strong>Dõlmen Studios</strong>.
  </p>

  <p>
    At Dõlmen, we help companies through brand strategy and design with a strong focus
    on performance &amp; human connections — so they don't just look good, but actively
    drive business metrics such as leads, conversions, investment, and strategic partnerships.
  </p>

  <p>
    We've collaborated with companies such as Nike on strategic branding projects.
    If you'd like to see how we approach this work, you can find some of our most relevant
    case studies on
    <a href=""https://www.dolmenstudios.com"" style=""color: #2b5797; text-decoration: none;"">our website</a>.
  </p>

  <p>
    While researching healthcare technology companies, I came across
    <strong>Wellhub</strong> —
    great to see the backing from Inkef Capital.
    Your health solution is solid, but your digital presence underrepresents the quality of care you deliver, which can slow trust-building with both patients and institutional partners.
  </p>

  <p>
    If useful, we'd be happy to connect and offer a <strong>Free Brand Audit</strong>
    in a first video call — sharing concrete insights and specific improvement opportunities
    for Wellhub.
  </p>

  <p>
    If that sounds good to you, just let me know what your availability looks like for next week.
  </p>

  <p style=""margin-top: 2em;"">
    Kind regards,<br>
    <strong>Soufyan</strong>
  </p>

  <hr style=""border: none; border-top: 1px solid #eee; margin-top: 2.5em;"">
  <p style=""font-size: 11px; color: #999; line-height: 1.5;"">
    You received this because Wellhub appeared in our research on
    healthcare technology companies and we believe there could be a genuine fit.
    Reply STOP to opt out and we won't contact you again.
  </p>

</body>
</html>"
pending,Home,https://www.tincapital.vc,TIIN Capital,seed,technology,portfolio_page,,,info@tincapital.vc,https://www.tincapital.vc,Branding opportunity — Home × Dõlmen Studios,"<!DOCTYPE html>
<html lang=""en"">
<head>
  <meta charset=""UTF-8"">
  <meta name=""viewport"" content=""width=device-width, initial-scale=1.0"">
</head>
<body style=""font-family: Georgia, 'Times New Roman', serif; max-width: 600px;
             margin: 0 auto; color: #1a1a1a; line-height: 1.75; padding: 24px;"">

  <p>Hello there,</p>

  <p>
    I'm Soufyan, Strategic Branding Manager at <strong>Dõlmen Studios</strong>.
  </p>

  <p>
    At Dõlmen, we help companies through brand strategy and design with a strong focus
    on performance &amp; human connections — so they don't just look good, but actively
    drive business metrics such as leads, conversions, investment, and strategic partnerships.
  </p>

  <p>
    We've collaborated with companies such as Nike on strategic branding projects.
    If you'd like to see how we approach this work, you can find some of our most relevant
    case studies on
    <a href=""https://www.dolmenstudios.com"" style=""color: #2b5797; text-decoration: none;"">our website</a>.
  </p>

  <p>
    While researching technology companies, I came across
    <strong>Home</strong> —
    great to see the backing from TIIN Capital.
    Your product is solid, but we believe there&#39;s a meaningful opportunity to strengthen your visual identity and messaging to match the quality of your underlying business.
  </p>

  <p>
    If useful, we'd be happy to connect and offer a <strong>Free Brand Audit</strong>
    in a first video call — sharing concrete insights and specific improvement opportunities
    for Home.
  </p>

  <p>
    If that sounds good to you, just let me know what your availability looks like for next week.
  </p>

  <p style=""margin-top: 2em;"">
    Kind regards,<br>
    <strong>Soufyan</strong>
  </p>

  <hr style=""border: none; border-top: 1px solid #eee; margin-top: 2.5em;"">
  <p style=""font-size: 11px; color: #999; line-height: 1.5;"">
    You received this because Home appeared in our research on
    technology companies and we believe there could be a genuine fit.
    Reply STOP to opt out and we won't contact you again.
  </p>

</body>
</html>"
pending,Learn More,https://www.zepo.ai,TIIN Capital,seed,technology,portfolio_page,,,hello@zepo.ai,pattern-based,Branding opportunity — Learn More × Dõlmen Studios,"<!DOCTYPE html>
<html lang=""en"">
<head>
  <meta charset=""UTF-8"">
  <meta name=""viewport"" content=""width=device-width, initial-scale=1.0"">
</head>
<body style=""font-family: Georgia, 'Times New Roman', serif; max-width: 600px;
             margin: 0 auto; color: #1a1a1a; line-height: 1.75; padding: 24px;"">

  <p>Hello there,</p>

  <p>
    I'm Soufyan, Strategic Branding Manager at <strong>Dõlmen Studios</strong>.
  </p>

  <p>
    At Dõlmen, we help companies through brand strategy and design with a strong focus
    on performance &amp; human connections — so they don't just look good, but actively
    drive business metrics such as leads, conversions, investment, and strategic partnerships.
  </p>

  <p>
    We've collaborated with companies such as Nike on strategic branding projects.
    If you'd like to see how we approach this work, you can find some of our most relevant
    case studies on
    <a href=""https://www.dolmenstudios.com"" style=""color: #2b5797; text-decoration: none;"">our website</a>.
  </p>

  <p>
    While researching technology companies, I came across
    <strong>Learn More</strong> —
    great to see the backing from TIIN Capital.
    Your product is solid, but we believe there&#39;s a meaningful opportunity to strengthen your visual identity and messaging to match the quality of your underlying business.
  </p>

  <p>
    If useful, we'd be happy to connect and offer a <strong>Free Brand Audit</strong>
    in a first video call — sharing concrete insights and specific improvement opportunities
    for Learn More.
  </p>

  <p>
    If that sounds good to you, just let me know what your availability looks like for next week.
  </p>

  <p style=""margin-top: 2em;"">
    Kind regards,<br>
    <strong>Soufyan</strong>
  </p>

  <hr style=""border: none; border-top: 1px solid #eee; margin-top: 2.5em;"">
  <p style=""font-size: 11px; color: #999; line-height: 1.5;"">
    You received this because Learn More appeared in our research on
    technology companies and we believe there could be a genuine fit.
    Reply STOP to opt out and we won't contact you again.
  </p>

</body>
</html>"
pending,Learn More,https://www.saporo.io,TIIN Capital,seed,technology,portfolio_page,,,hello@saporo.io,pattern-based,Branding opportunity — Learn More × Dõlmen Studios,"<!DOCTYPE html>
<html lang=""en"">
<head>
  <meta charset=""UTF-8"">
  <meta name=""viewport"" content=""width=device-width, initial-scale=1.0"">
</head>
<body style=""font-family: Georgia, 'Times New Roman', serif; max-width: 600px;
             margin: 0 auto; color: #1a1a1a; line-height: 1.75; padding: 24px;"">

  <p>Hello there,</p>

  <p>
    I'm Soufyan, Strategic Branding Manager at <strong>Dõlmen Studios</strong>.
  </p>

  <p>
    At Dõlmen, we help companies through brand strategy and design with a strong focus
    on performance &amp; human connections — so they don't just look good, but actively
    drive business metrics such as leads, conversions, investment, and strategic partnerships.
  </p>

  <p>
    We've collaborated with companies such as Nike on strategic branding projects.
    If you'd like to see how we approach this work, you can find some of our most relevant
    case studies on
    <a href=""https://www.dolmenstudios.com"" style=""color: #2b5797; text-decoration: none;"">our website</a>.
  </p>

  <p>
    While researching technology companies, I came across
    <strong>Learn More</strong> —
    great to see the backing from TIIN Capital.
    Your product is solid, but we believe there&#39;s a meaningful opportunity to strengthen your visual identity and messaging to match the quality of your underlying business.
  </p>

  <p>
    If useful, we'd be happy to connect and offer a <strong>Free Brand Audit</strong>
    in a first video call — sharing concrete insights and specific improvement opportunities
    for Learn More.
  </p>

  <p>
    If that sounds good to you, just let me know what your availability looks like for next week.
  </p>

  <p style=""margin-top: 2em;"">
    Kind regards,<br>
    <strong>Soufyan</strong>
  </p>

  <hr style=""border: none; border-top: 1px solid #eee; margin-top: 2.5em;"">
  <p style=""font-size: 11px; color: #999; line-height: 1.5;"">
    You received this because Learn More appeared in our research on
    technology companies and we believe there could be a genuine fit.
    Reply STOP to opt out and we won't contact you again.
  </p>

</body>
</html>"
pending,Learn More,https://www.nymiz.com,TIIN Capital,seed,technology,portfolio_page,,,info@nymiz.com,https://www.nymiz.com,Branding opportunity — Learn More × Dõlmen Studios,"<!DOCTYPE html>
<html lang=""en"">
<head>
  <meta charset=""UTF-8"">
  <meta name=""viewport"" content=""width=device-width, initial-scale=1.0"">
</head>
<body style=""font-family: Georgia, 'Times New Roman', serif; max-width: 600px;
             margin: 0 auto; color: #1a1a1a; line-height: 1.75; padding: 24px;"">

  <p>Hello there,</p>

  <p>
    I'm Soufyan, Strategic Branding Manager at <strong>Dõlmen Studios</strong>.
  </p>

  <p>
    At Dõlmen, we help companies through brand strategy and design with a strong focus
    on performance &amp; human connections — so they don't just look good, but actively
    drive business metrics such as leads, conversions, investment, and strategic partnerships.
  </p>

  <p>
    We've collaborated with companies such as Nike on strategic branding projects.
    If you'd like to see how we approach this work, you can find some of our most relevant
    case studies on
    <a href=""https://www.dolmenstudios.com"" style=""color: #2b5797; text-decoration: none;"">our website</a>.
  </p>

  <p>
    While researching technology companies, I came across
    <strong>Learn More</strong> —
    great to see the backing from TIIN Capital.
    Your product is solid, but we believe there&#39;s a meaningful opportunity to strengthen your visual identity and messaging to match the quality of your underlying business.
  </p>

  <p>
    If useful, we'd be happy to connect and offer a <strong>Free Brand Audit</strong>
    in a first video call — sharing concrete insights and specific improvement opportunities
    for Learn More.
  </p>

  <p>
    If that sounds good to you, just let me know what your availability looks like for next week.
  </p>

  <p style=""margin-top: 2em;"">
    Kind regards,<br>
    <strong>Soufyan</strong>
  </p>

  <hr style=""border: none; border-top: 1px solid #eee; margin-top: 2.5em;"">
  <p style=""font-size: 11px; color: #999; line-height: 1.5;"">
    You received this because Learn More appeared in our research on
    technology companies and we believe there could be a genuine fit.
    Reply STOP to opt out and we won't contact you again.
  </p>

</body>
</html>"
pending,Learn More,https://www.stackguardian.io,TIIN Capital,seed,technology,portfolio_page,,,info@stackguardian.io,https://www.stackguardian.io/contact,Branding opportunity — Learn More × Dõlmen Studios,"<!DOCTYPE html>
<html lang=""en"">
<head>
  <meta charset=""UTF-8"">
  <meta name=""viewport"" content=""width=device-width, initial-scale=1.0"">
</head>
<body style=""font-family: Georgia, 'Times New Roman', serif; max-width: 600px;
             margin: 0 auto; color: #1a1a1a; line-height: 1.75; padding: 24px;"">

  <p>Hello there,</p>

  <p>
    I'm Soufyan, Strategic Branding Manager at <strong>Dõlmen Studios</strong>.
  </p>

  <p>
    At Dõlmen, we help companies through brand strategy and design with a strong focus
    on performance &amp; human connections — so they don't just look good, but actively
    drive business metrics such as leads, conversions, investment, and strategic partnerships.
  </p>

  <p>
    We've collaborated with companies such as Nike on strategic branding projects.
    If you'd like to see how we approach this work, you can find some of our most relevant
    case studies on
    <a href=""https://www.dolmenstudios.com"" style=""color: #2b5797; text-decoration: none;"">our website</a>.
  </p>

  <p>
    While researching technology companies, I came across
    <strong>Learn More</strong> —
    great to see the backing from TIIN Capital.
    Your product is solid, but we believe there&#39;s a meaningful opportunity to strengthen your visual identity and messaging to match the quality of your underlying business.
  </p>

  <p>
    If useful, we'd be happy to connect and offer a <strong>Free Brand Audit</strong>
    in a first video call — sharing concrete insights and specific improvement opportunities
    for Learn More.
  </p>

  <p>
    If that sounds good to you, just let me know what your availability looks like for next week.
  </p>

  <p style=""margin-top: 2em;"">
    Kind regards,<br>
    <strong>Soufyan</strong>
  </p>

  <hr style=""border: none; border-top: 1px solid #eee; margin-top: 2.5em;"">
  <p style=""font-size: 11px; color: #999; line-height: 1.5;"">
    You received this because Learn More appeared in our research on
    technology companies and we believe there could be a genuine fit.
    Reply STOP to opt out and we won't contact you again.
  </p>

</body>
</html>"
pending,Learn More,https://www.virtualmetric.com,TIIN Capital,seed,technology,portfolio_page,,,info@virtualmetric.com,https://www.virtualmetric.com/contact,Branding opportunity — Learn More × Dõlmen Studios,"<!DOCTYPE html>
<html lang=""en"">
<head>
  <meta charset=""UTF-8"">
  <meta name=""viewport"" content=""width=device-width, initial-scale=1.0"">
</head>
<body style=""font-family: Georgia, 'Times New Roman', serif; max-width: 600px;
             margin: 0 auto; color: #1a1a1a; line-height: 1.75; padding: 24px;"">

  <p>Hello there,</p>

  <p>
    I'm Soufyan, Strategic Branding Manager at <strong>Dõlmen Studios</strong>.
  </p>

  <p>
    At Dõlmen, we help companies through brand strategy and design with a strong focus
    on performance &amp; human connections — so they don't just look good, but actively
    drive business metrics such as leads, conversions, investment, and strategic partnerships.
  </p>

  <p>
    We've collaborated with companies such as Nike on strategic branding projects.
    If you'd like to see how we approach this work, you can find some of our most relevant
    case studies on
    <a href=""https://www.dolmenstudios.com"" style=""color: #2b5797; text-decoration: none;"">our website</a>.
  </p>

  <p>
    While researching technology companies, I came across
    <strong>Learn More</strong> —
    great to see the backing from TIIN Capital.
    Your product is solid, but we believe there&#39;s a meaningful opportunity to strengthen your visual identity and messaging to match the quality of your underlying business.
  </p>

  <p>
    If useful, we'd be happy to connect and offer a <strong>Free Brand Audit</strong>
    in a first video call — sharing concrete insights and specific improvement opportunities
    for Learn More.
  </p>

  <p>
    If that sounds good to you, just let me know what your availability looks like for next week.
  </p>

  <p style=""margin-top: 2em;"">
    Kind regards,<br>
    <strong>Soufyan</strong>
  </p>

  <hr style=""border: none; border-top: 1px solid #eee; margin-top: 2.5em;"">
  <p style=""font-size: 11px; color: #999; line-height: 1.5;"">
    You received this because Learn More appeared in our research on
    technology companies and we believe there could be a genuine fit.
    Reply STOP to opt out and we won't contact you again.
  </p>

</body>
</html>"
pending,Learn More,https://www.signpath.com,TIIN Capital,seed,technology,portfolio_page,,,info@signpath.com,https://www.signpath.com,Branding opportunity — Learn More × Dõlmen Studios,"<!DOCTYPE html>
<html lang=""en"">
<head>
  <meta charset=""UTF-8"">
  <meta name=""viewport"" content=""width=device-width, initial-scale=1.0"">
</head>
<body style=""font-family: Georgia, 'Times New Roman', serif; max-width: 600px;
             margin: 0 auto; color: #1a1a1a; line-height: 1.75; padding: 24px;"">

  <p>Hello there,</p>

  <p>
    I'm Soufyan, Strategic Branding Manager at <strong>Dõlmen Studios</strong>.
  </p>

  <p>
    At Dõlmen, we help companies through brand strategy and design with a strong focus
    on performance &amp; human connections — so they don't just look good, but actively
    drive business metrics such as leads, conversions, investment, and strategic partnerships.
  </p>

  <p>
    We've collaborated with companies such as Nike on strategic branding projects.
    If you'd like to see how we approach this work, you can find some of our most relevant
    case studies on
    <a href=""https://www.dolmenstudios.com"" style=""color: #2b5797; text-decoration: none;"">our website</a>.
  </p>

  <p>
    While researching technology companies, I came across
    <strong>Learn More</strong> —
    great to see the backing from TIIN Capital.
    Your product is solid, but we believe there&#39;s a meaningful opportunity to strengthen your visual identity and messaging to match the quality of your underlying business.
  </p>

  <p>
    If useful, we'd be happy to connect and offer a <strong>Free Brand Audit</strong>
    in a first video call — sharing concrete insights and specific improvement opportunities
    for Learn More.
  </p>

  <p>
    If that sounds good to you, just let me know what your availability looks like for next week.
  </p>

  <p style=""margin-top: 2em;"">
    Kind regards,<br>
    <strong>Soufyan</strong>
  </p>

  <hr style=""border: none; border-top: 1px solid #eee; margin-top: 2.5em;"">
  <p style=""font-size: 11px; color: #999; line-height: 1.5;"">
    You received this because Learn More appeared in our research on
    technology companies and we believe there could be a genuine fit.
    Reply STOP to opt out and we won't contact you again.
  </p>

</body>
</html>"
pending,Learn More,https://www.datenna.com,TIIN Capital,seed,technology,portfolio_page,,,hello@datenna.com,pattern-based,Branding opportunity — Learn More × Dõlmen Studios,"<!DOCTYPE html>
<html lang=""en"">
<head>
  <meta charset=""UTF-8"">
  <meta name=""viewport"" content=""width=device-width, initial-scale=1.0"">
</head>
<body style=""font-family: Georgia, 'Times New Roman', serif; max-width: 600px;
             margin: 0 auto; color: #1a1a1a; line-height: 1.75; padding: 24px;"">

  <p>Hello there,</p>

  <p>
    I'm Soufyan, Strategic Branding Manager at <strong>Dõlmen Studios</strong>.
  </p>

  <p>
    At Dõlmen, we help companies through brand strategy and design with a strong focus
    on performance &amp; human connections — so they don't just look good, but actively
    drive business metrics such as leads, conversions, investment, and strategic partnerships.
  </p>

  <p>
    We've collaborated with companies such as Nike on strategic branding projects.
    If you'd like to see how we approach this work, you can find some of our most relevant
    case studies on
    <a href=""https://www.dolmenstudios.com"" style=""color: #2b5797; text-decoration: none;"">our website</a>.
  </p>

  <p>
    While researching technology companies, I came across
    <strong>Learn More</strong> —
    great to see the backing from TIIN Capital.
    Your product is solid, but we believe there&#39;s a meaningful opportunity to strengthen your visual identity and messaging to match the quality of your underlying business.
  </p>

  <p>
    If useful, we'd be happy to connect and offer a <strong>Free Brand Audit</strong>
    in a first video call — sharing concrete insights and specific improvement opportunities
    for Learn More.
  </p>

  <p>
    If that sounds good to you, just let me know what your availability looks like for next week.
  </p>

  <p style=""margin-top: 2em;"">
    Kind regards,<br>
    <strong>Soufyan</strong>
  </p>

  <hr style=""border: none; border-top: 1px solid #eee; margin-top: 2.5em;"">
  <p style=""font-size: 11px; color: #999; line-height: 1.5;"">
    You received this because Learn More appeared in our research on
    technology companies and we believe there could be a genuine fit.
    Reply STOP to opt out and we won't contact you again.
  </p>

</body>
</html>"
pending,Learn More,https://bramasystems.com,TIIN Capital,seed,technology,portfolio_page,,Contact,info@bramasystems.com,https://bramasystems.com,Branding opportunity — Learn More × Dõlmen Studios,"<!DOCTYPE html>
<html lang=""en"">
<head>
  <meta charset=""UTF-8"">
  <meta name=""viewport"" content=""width=device-width, initial-scale=1.0"">
</head>
<body style=""font-family: Georgia, 'Times New Roman', serif; max-width: 600px;
             margin: 0 auto; color: #1a1a1a; line-height: 1.75; padding: 24px;"">

  <p>Hello Contact,</p>

  <p>
    I'm Soufyan, Strategic Branding Manager at <strong>Dõlmen Studios</strong>.
  </p>

  <p>
    At Dõlmen, we help companies through brand strategy and design with a strong focus
    on performance &amp; human connections — so they don't just look good, but actively
    drive business metrics such as leads, conversions, investment, and strategic partnerships.
  </p>

  <p>
    We've collaborated with companies such as Nike on strategic branding projects.
    If you'd like to see how we approach this work, you can find some of our most relevant
    case studies on
    <a href=""https://www.dolmenstudios.com"" style=""color: #2b5797; text-decoration: none;"">our website</a>.
  </p>

  <p>
    While researching technology companies, I came across
    <strong>Learn More</strong> —
    great to see the backing from TIIN Capital.
    Your product is solid, but we believe there&#39;s a meaningful opportunity to strengthen your visual identity and messaging to match the quality of your underlying business.
  </p>

  <p>
    If useful, we'd be happy to connect and offer a <strong>Free Brand Audit</strong>
    in a first video call — sharing concrete insights and specific improvement opportunities
    for Learn More.
  </p>

  <p>
    If that sounds good to you, just let me know what your availability looks like for next week.
  </p>

  <p style=""margin-top: 2em;"">
    Kind regards,<br>
    <strong>Soufyan</strong>
  </p>

  <hr style=""border: none; border-top: 1px solid #eee; margin-top: 2.5em;"">
  <p style=""font-size: 11px; color: #999; line-height: 1.5;"">
    You received this because Learn More appeared in our research on
    technology companies and we believe there could be a genuine fit.
    Reply STOP to opt out and we won't contact you again.
  </p>

</body>
</html>"
pending,Learn More,https://www.breachlock.com,TIIN Capital,seed,technology,portfolio_page,,,hello@breachlock.com,pattern-based,Branding opportunity — Learn More × Dõlmen Studios,"<!DOCTYPE html>
<html lang=""en"">
<head>
  <meta charset=""UTF-8"">
  <meta name=""viewport"" content=""width=device-width, initial-scale=1.0"">
</head>
<body style=""font-family: Georgia, 'Times New Roman', serif; max-width: 600px;
             margin: 0 auto; color: #1a1a1a; line-height: 1.75; padding: 24px;"">

  <p>Hello there,</p>

  <p>
    I'm Soufyan, Strategic Branding Manager at <strong>Dõlmen Studios</strong>.
  </p>

  <p>
    At Dõlmen, we help companies through brand strategy and design with a strong focus
    on performance &amp; human connections — so they don't just look good, but actively
    drive business metrics such as leads, conversions, investment, and strategic partnerships.
  </p>

  <p>
    We've collaborated with companies such as Nike on strategic branding projects.
    If you'd like to see how we approach this work, you can find some of our most relevant
    case studies on
    <a href=""https://www.dolmenstudios.com"" style=""color: #2b5797; text-decoration: none;"">our website</a>.
  </p>

  <p>
    While researching technology companies, I came across
    <strong>Learn More</strong> —
    great to see the backing from TIIN Capital.
    Your product is solid, but we believe there&#39;s a meaningful opportunity to strengthen your visual identity and messaging to match the quality of your underlying business.
  </p>

  <p>
    If useful, we'd be happy to connect and offer a <strong>Free Brand Audit</strong>
    in a first video call — sharing concrete insights and specific improvement opportunities
    for Learn More.
  </p>

  <p>
    If that sounds good to you, just let me know what your availability looks like for next week.
  </p>

  <p style=""margin-top: 2em;"">
    Kind regards,<br>
    <strong>Soufyan</strong>
  </p>

  <hr style=""border: none; border-top: 1px solid #eee; margin-top: 2.5em;"">
  <p style=""font-size: 11px; color: #999; line-height: 1.5;"">
    You received this because Learn More appeared in our research on
    technology companies and we believe there could be a genuine fit.
    Reply STOP to opt out and we won't contact you again.
  </p>

</body>
</html>"
pending,Learn More,https://www.codean.io,TIIN Capital,seed,technology,portfolio_page,,,hello@codean.io,https://www.codean.io,Branding opportunity — Learn More × Dõlmen Studios,"<!DOCTYPE html>
<html lang=""en"">
<head>
  <meta charset=""UTF-8"">
  <meta name=""viewport"" content=""width=device-width, initial-scale=1.0"">
</head>
<body style=""font-family: Georgia, 'Times New Roman', serif; max-width: 600px;
             margin: 0 auto; color: #1a1a1a; line-height: 1.75; padding: 24px;"">

  <p>Hello there,</p>

  <p>
    I'm Soufyan, Strategic Branding Manager at <strong>Dõlmen Studios</strong>.
  </p>

  <p>
    At Dõlmen, we help companies through brand strategy and design with a strong focus
    on performance &amp; human connections — so they don't just look good, but actively
    drive business metrics such as leads, conversions, investment, and strategic partnerships.
  </p>

  <p>
    We've collaborated with companies such as Nike on strategic branding projects.
    If you'd like to see how we approach this work, you can find some of our most relevant
    case studies on
    <a href=""https://www.dolmenstudios.com"" style=""color: #2b5797; text-decoration: none;"">our website</a>.
  </p>

  <p>
    While researching technology companies, I came across
    <strong>Learn More</strong> —
    great to see the backing from TIIN Capital.
    Your product is solid, but we believe there&#39;s a meaningful opportunity to strengthen your visual identity and messaging to match the quality of your underlying business.
  </p>

  <p>
    If useful, we'd be happy to connect and offer a <strong>Free Brand Audit</strong>
    in a first video call — sharing concrete insights and specific improvement opportunities
    for Learn More.
  </p>

  <p>
    If that sounds good to you, just let me know what your availability looks like for next week.
  </p>

  <p style=""margin-top: 2em;"">
    Kind regards,<br>
    <strong>Soufyan</strong>
  </p>

  <hr style=""border: none; border-top: 1px solid #eee; margin-top: 2.5em;"">
  <p style=""font-size: 11px; color: #999; line-height: 1.5;"">
    You received this because Learn More appeared in our research on
    technology companies and we believe there could be a genuine fit.
    Reply STOP to opt out and we won't contact you again.
  </p>

</body>
</html>"
pending,Learn More,https://www.eclecticiq.com,TIIN Capital,seed,technology,portfolio_page,,,info@eclecticiq.com,https://www.eclecticiq.com/about,Branding opportunity — Learn More × Dõlmen Studios,"<!DOCTYPE html>
<html lang=""en"">
<head>
  <meta charset=""UTF-8"">
  <meta name=""viewport"" content=""width=device-width, initial-scale=1.0"">
</head>
<body style=""font-family: Georgia, 'Times New Roman', serif; max-width: 600px;
             margin: 0 auto; color: #1a1a1a; line-height: 1.75; padding: 24px;"">

  <p>Hello there,</p>

  <p>
    I'm Soufyan, Strategic Branding Manager at <strong>Dõlmen Studios</strong>.
  </p>

  <p>
    At Dõlmen, we help companies through brand strategy and design with a strong focus
    on performance &amp; human connections — so they don't just look good, but actively
    drive business metrics such as leads, conversions, investment, and strategic partnerships.
  </p>

  <p>
    We've collaborated with companies such as Nike on strategic branding projects.
    If you'd like to see how we approach this work, you can find some of our most relevant
    case studies on
    <a href=""https://www.dolmenstudios.com"" style=""color: #2b5797; text-decoration: none;"">our website</a>.
  </p>

  <p>
    While researching technology companies, I came across
    <strong>Learn More</strong> —
    great to see the backing from TIIN Capital.
    Your product is solid, but we believe there&#39;s a meaningful opportunity to strengthen your visual identity and messaging to match the quality of your underlying business.
  </p>

  <p>
    If useful, we'd be happy to connect and offer a <strong>Free Brand Audit</strong>
    in a first video call — sharing concrete insights and specific improvement opportunities
    for Learn More.
  </p>

  <p>
    If that sounds good to you, just let me know what your availability looks like for next week.
  </p>

  <p style=""margin-top: 2em;"">
    Kind regards,<br>
    <strong>Soufyan</strong>
  </p>

  <hr style=""border: none; border-top: 1px solid #eee; margin-top: 2.5em;"">
  <p style=""font-size: 11px; color: #999; line-height: 1.5;"">
    You received this because Learn More appeared in our research on
    technology companies and we believe there could be a genuine fit.
    Reply STOP to opt out and we won't contact you again.
  </p>

</body>
</html>"
pending,Learn More,https://egerie.eu,TIIN Capital,seed,technology,portfolio_page,,,hello@egerie.eu,pattern-based,Branding opportunity — Learn More × Dõlmen Studios,"<!DOCTYPE html>
<html lang=""en"">
<head>
  <meta charset=""UTF-8"">
  <meta name=""viewport"" content=""width=device-width, initial-scale=1.0"">
</head>
<body style=""font-family: Georgia, 'Times New Roman', serif; max-width: 600px;
             margin: 0 auto; color: #1a1a1a; line-height: 1.75; padding: 24px;"">

  <p>Hello there,</p>

  <p>
    I'm Soufyan, Strategic Branding Manager at <strong>Dõlmen Studios</strong>.
  </p>

  <p>
    At Dõlmen, we help companies through brand strategy and design with a strong focus
    on performance &amp; human connections — so they don't just look good, but actively
    drive business metrics such as leads, conversions, investment, and strategic partnerships.
  </p>

  <p>
    We've collaborated with companies such as Nike on strategic branding projects.
    If you'd like to see how we approach this work, you can find some of our most relevant
    case studies on
    <a href=""https://www.dolmenstudios.com"" style=""color: #2b5797; text-decoration: none;"">our website</a>.
  </p>

  <p>
    While researching technology companies, I came across
    <strong>Learn More</strong> —
    great to see the backing from TIIN Capital.
    Your product is solid, but we believe there&#39;s a meaningful opportunity to strengthen your visual identity and messaging to match the quality of your underlying business.
  </p>

  <p>
    If useful, we'd be happy to connect and offer a <strong>Free Brand Audit</strong>
    in a first video call — sharing concrete insights and specific improvement opportunities
    for Learn More.
  </p>

  <p>
    If that sounds good to you, just let me know what your availability looks like for next week.
  </p>

  <p style=""margin-top: 2em;"">
    Kind regards,<br>
    <strong>Soufyan</strong>
  </p>

  <hr style=""border: none; border-top: 1px solid #eee; margin-top: 2.5em;"">
  <p style=""font-size: 11px; color: #999; line-height: 1.5;"">
    You received this because Learn More appeared in our research on
    technology companies and we believe there could be a genuine fit.
    Reply STOP to opt out and we won't contact you again.
  </p>

</body>
</html>"
pending,Learn More,https://www.emproof.com,TIIN Capital,seed,technology,portfolio_page,,,hello@emproof.com,pattern-based,Branding opportunity — Learn More × Dõlmen Studios,"<!DOCTYPE html>
<html lang=""en"">
<head>
  <meta charset=""UTF-8"">
  <meta name=""viewport"" content=""width=device-width, initial-scale=1.0"">
</head>
<body style=""font-family: Georgia, 'Times New Roman', serif; max-width: 600px;
             margin: 0 auto; color: #1a1a1a; line-height: 1.75; padding: 24px;"">

  <p>Hello there,</p>

  <p>
    I'm Soufyan, Strategic Branding Manager at <strong>Dõlmen Studios</strong>.
  </p>

  <p>
    At Dõlmen, we help companies through brand strategy and design with a strong focus
    on performance &amp; human connections — so they don't just look good, but actively
    drive business metrics such as leads, conversions, investment, and strategic partnerships.
  </p>

  <p>
    We've collaborated with companies such as Nike on strategic branding projects.
    If you'd like to see how we approach this work, you can find some of our most relevant
    case studies on
    <a href=""https://www.dolmenstudios.com"" style=""color: #2b5797; text-decoration: none;"">our website</a>.
  </p>

  <p>
    While researching technology companies, I came across
    <strong>Learn More</strong> —
    great to see the backing from TIIN Capital.
    Your product is solid, but we believe there&#39;s a meaningful opportunity to strengthen your visual identity and messaging to match the quality of your underlying business.
  </p>

  <p>
    If useful, we'd be happy to connect and offer a <strong>Free Brand Audit</strong>
    in a first video call — sharing concrete insights and specific improvement opportunities
    for Learn More.
  </p>

  <p>
    If that sounds good to you, just let me know what your availability looks like for next week.
  </p>

  <p style=""margin-top: 2em;"">
    Kind regards,<br>
    <strong>Soufyan</strong>
  </p>

  <hr style=""border: none; border-top: 1px solid #eee; margin-top: 2.5em;"">
  <p style=""font-size: 11px; color: #999; line-height: 1.5;"">
    You received this because Learn More appeared in our research on
    technology companies and we believe there could be a genuine fit.
    Reply STOP to opt out and we won't contact you again.
  </p>

</body>
</html>"
pending,Learn More,https://www.eye.security,TIIN Capital,seed,technology,portfolio_page,,,info@eyesecurity.be,https://www.eye.security/contact,Branding opportunity — Learn More × Dõlmen Studios,"<!DOCTYPE html>
<html lang=""en"">
<head>
  <meta charset=""UTF-8"">
  <meta name=""viewport"" content=""width=device-width, initial-scale=1.0"">
</head>
<body style=""font-family: Georgia, 'Times New Roman', serif; max-width: 600px;
             margin: 0 auto; color: #1a1a1a; line-height: 1.75; padding: 24px;"">

  <p>Hello there,</p>

  <p>
    I'm Soufyan, Strategic Branding Manager at <strong>Dõlmen Studios</strong>.
  </p>

  <p>
    At Dõlmen, we help companies through brand strategy and design with a strong focus
    on performance &amp; human connections — so they don't just look good, but actively
    drive business metrics such as leads, conversions, investment, and strategic partnerships.
  </p>

  <p>
    We've collaborated with companies such as Nike on strategic branding projects.
    If you'd like to see how we approach this work, you can find some of our most relevant
    case studies on
    <a href=""https://www.dolmenstudios.com"" style=""color: #2b5797; text-decoration: none;"">our website</a>.
  </p>

  <p>
    While researching technology companies, I came across
    <strong>Learn More</strong> —
    great to see the backing from TIIN Capital.
    Your product is solid, but we believe there&#39;s a meaningful opportunity to strengthen your visual identity and messaging to match the quality of your underlying business.
  </p>

  <p>
    If useful, we'd be happy to connect and offer a <strong>Free Brand Audit</strong>
    in a first video call — sharing concrete insights and specific improvement opportunities
    for Learn More.
  </p>

  <p>
    If that sounds good to you, just let me know what your availability looks like for next week.
  </p>

  <p style=""margin-top: 2em;"">
    Kind regards,<br>
    <strong>Soufyan</strong>
  </p>

  <hr style=""border: none; border-top: 1px solid #eee; margin-top: 2.5em;"">
  <p style=""font-size: 11px; color: #999; line-height: 1.5;"">
    You received this because Learn More appeared in our research on
    technology companies and we believe there could be a genuine fit.
    Reply STOP to opt out and we won't contact you again.
  </p>

</body>
</html>"
pending,Learn More,https://oddity.ai,TIIN Capital,seed,technology,portfolio_page,,,hello@oddity.ai,https://oddity.ai/contact,Branding opportunity — Learn More × Dõlmen Studios,"<!DOCTYPE html>
<html lang=""en"">
<head>
  <meta charset=""UTF-8"">
  <meta name=""viewport"" content=""width=device-width, initial-scale=1.0"">
</head>
<body style=""font-family: Georgia, 'Times New Roman', serif; max-width: 600px;
             margin: 0 auto; color: #1a1a1a; line-height: 1.75; padding: 24px;"">

  <p>Hello there,</p>

  <p>
    I'm Soufyan, Strategic Branding Manager at <strong>Dõlmen Studios</strong>.
  </p>

  <p>
    At Dõlmen, we help companies through brand strategy and design with a strong focus
    on performance &amp; human connections — so they don't just look good, but actively
    drive business metrics such as leads, conversions, investment, and strategic partnerships.
  </p>

  <p>
    We've collaborated with companies such as Nike on strategic branding projects.
    If you'd like to see how we approach this work, you can find some of our most relevant
    case studies on
    <a href=""https://www.dolmenstudios.com"" style=""color: #2b5797; text-decoration: none;"">our website</a>.
  </p>

  <p>
    While researching technology companies, I came across
    <strong>Learn More</strong> —
    great to see the backing from TIIN Capital.
    Your product is solid, but we believe there&#39;s a meaningful opportunity to strengthen your visual identity and messaging to match the quality of your underlying business.
  </p>

  <p>
    If useful, we'd be happy to connect and offer a <strong>Free Brand Audit</strong>
    in a first video call — sharing concrete insights and specific improvement opportunities
    for Learn More.
  </p>

  <p>
    If that sounds good to you, just let me know what your availability looks like for next week.
  </p>

  <p style=""margin-top: 2em;"">
    Kind regards,<br>
    <strong>Soufyan</strong>
  </p>

  <hr style=""border: none; border-top: 1px solid #eee; margin-top: 2.5em;"">
  <p style=""font-size: 11px; color: #999; line-height: 1.5;"">
    You received this because Learn More appeared in our research on
    technology companies and we believe there could be a genuine fit.
    Reply STOP to opt out and we won't contact you again.
  </p>

</body>
</html>"
pending,Learn More,https://www.sonicbee.eu,TIIN Capital,seed,technology,portfolio_page,,,info@sonicbee.de,https://www.sonicbee.eu,Branding opportunity — Learn More × Dõlmen Studios,"<!DOCTYPE html>
<html lang=""en"">
<head>
  <meta charset=""UTF-8"">
  <meta name=""viewport"" content=""width=device-width, initial-scale=1.0"">
</head>
<body style=""font-family: Georgia, 'Times New Roman', serif; max-width: 600px;
             margin: 0 auto; color: #1a1a1a; line-height: 1.75; padding: 24px;"">

  <p>Hello there,</p>

  <p>
    I'm Soufyan, Strategic Branding Manager at <strong>Dõlmen Studios</strong>.
  </p>

  <p>
    At Dõlmen, we help companies through brand strategy and design with a strong focus
    on performance &amp; human connections — so they don't just look good, but actively
    drive business metrics such as leads, conversions, investment, and strategic partnerships.
  </p>

  <p>
    We've collaborated with companies such as Nike on strategic branding projects.
    If you'd like to see how we approach this work, you can find some of our most relevant
    case studies on
    <a href=""https://www.dolmenstudios.com"" style=""color: #2b5797; text-decoration: none;"">our website</a>.
  </p>

  <p>
    While researching technology companies, I came across
    <strong>Learn More</strong> —
    great to see the backing from TIIN Capital.
    Your product is solid, but we believe there&#39;s a meaningful opportunity to strengthen your visual identity and messaging to match the quality of your underlying business.
  </p>

  <p>
    If useful, we'd be happy to connect and offer a <strong>Free Brand Audit</strong>
    in a first video call — sharing concrete insights and specific improvement opportunities
    for Learn More.
  </p>

  <p>
    If that sounds good to you, just let me know what your availability looks like for next week.
  </p>

  <p style=""margin-top: 2em;"">
    Kind regards,<br>
    <strong>Soufyan</strong>
  </p>

  <hr style=""border: none; border-top: 1px solid #eee; margin-top: 2.5em;"">
  <p style=""font-size: 11px; color: #999; line-height: 1.5;"">
    You received this because Learn More appeared in our research on
    technology companies and we believe there could be a genuine fit.
    Reply STOP to opt out and we won't contact you again.
  </p>

</body>
</html>"
pending,Learn More,https://www.sygno.com,TIIN Capital,seed,technology,portfolio_page,,,getincontact@sygno.com,https://www.sygno.com,Branding opportunity — Learn More × Dõlmen Studios,"<!DOCTYPE html>
<html lang=""en"">
<head>
  <meta charset=""UTF-8"">
  <meta name=""viewport"" content=""width=device-width, initial-scale=1.0"">
</head>
<body style=""font-family: Georgia, 'Times New Roman', serif; max-width: 600px;
             margin: 0 auto; color: #1a1a1a; line-height: 1.75; padding: 24px;"">

  <p>Hello there,</p>

  <p>
    I'm Soufyan, Strategic Branding Manager at <strong>Dõlmen Studios</strong>.
  </p>

  <p>
    At Dõlmen, we help companies through brand strategy and design with a strong focus
    on performance &amp; human connections — so they don't just look good, but actively
    drive business metrics such as leads, conversions, investment, and strategic partnerships.
  </p>

  <p>
    We've collaborated with companies such as Nike on strategic branding projects.
    If you'd like to see how we approach this work, you can find some of our most relevant
    case studies on
    <a href=""https://www.dolmenstudios.com"" style=""color: #2b5797; text-decoration: none;"">our website</a>.
  </p>

  <p>
    While researching technology companies, I came across
    <strong>Learn More</strong> —
    great to see the backing from TIIN Capital.
    Your product is solid, but we believe there&#39;s a meaningful opportunity to strengthen your visual identity and messaging to match the quality of your underlying business.
  </p>

  <p>
    If useful, we'd be happy to connect and offer a <strong>Free Brand Audit</strong>
    in a first video call — sharing concrete insights and specific improvement opportunities
    for Learn More.
  </p>

  <p>
    If that sounds good to you, just let me know what your availability looks like for next week.
  </p>

  <p style=""margin-top: 2em;"">
    Kind regards,<br>
    <strong>Soufyan</strong>
  </p>

  <hr style=""border: none; border-top: 1px solid #eee; margin-top: 2.5em;"">
  <p style=""font-size: 11px; color: #999; line-height: 1.5;"">
    You received this because Learn More appeared in our research on
    technology companies and we believe there could be a genuine fit.
    Reply STOP to opt out and we won't contact you again.
  </p>

</body>
</html>"
pending,Learn More,https://www.syntho.ai,TIIN Capital,seed,technology,portfolio_page,,,info@syntho.ai,https://www.syntho.ai,Branding opportunity — Learn More × Dõlmen Studios,"<!DOCTYPE html>
<html lang=""en"">
<head>
  <meta charset=""UTF-8"">
  <meta name=""viewport"" content=""width=device-width, initial-scale=1.0"">
</head>
<body style=""font-family: Georgia, 'Times New Roman', serif; max-width: 600px;
             margin: 0 auto; color: #1a1a1a; line-height: 1.75; padding: 24px;"">

  <p>Hello there,</p>

  <p>
    I'm Soufyan, Strategic Branding Manager at <strong>Dõlmen Studios</strong>.
  </p>

  <p>
    At Dõlmen, we help companies through brand strategy and design with a strong focus
    on performance &amp; human connections — so they don't just look good, but actively
    drive business metrics such as leads, conversions, investment, and strategic partnerships.
  </p>

  <p>
    We've collaborated with companies such as Nike on strategic branding projects.
    If you'd like to see how we approach this work, you can find some of our most relevant
    case studies on
    <a href=""https://www.dolmenstudios.com"" style=""color: #2b5797; text-decoration: none;"">our website</a>.
  </p>

  <p>
    While researching technology companies, I came across
    <strong>Learn More</strong> —
    great to see the backing from TIIN Capital.
    Your product is solid, but we believe there&#39;s a meaningful opportunity to strengthen your visual identity and messaging to match the quality of your underlying business.
  </p>

  <p>
    If useful, we'd be happy to connect and offer a <strong>Free Brand Audit</strong>
    in a first video call — sharing concrete insights and specific improvement opportunities
    for Learn More.
  </p>

  <p>
    If that sounds good to you, just let me know what your availability looks like for next week.
  </p>

  <p style=""margin-top: 2em;"">
    Kind regards,<br>
    <strong>Soufyan</strong>
  </p>

  <hr style=""border: none; border-top: 1px solid #eee; margin-top: 2.5em;"">
  <p style=""font-size: 11px; color: #999; line-height: 1.5;"">
    You received this because Learn More appeared in our research on
    technology companies and we believe there could be a genuine fit.
    Reply STOP to opt out and we won't contact you again.
  </p>

</body>
</html>"
pending,Learn More,https://parkbee.com,TIIN Capital,seed,technology,portfolio_page,,Questions about parking with ParkBee?,support@parkbee.com,https://parkbee.com/about-us,Branding opportunity — Learn More × Dõlmen Studios,"<!DOCTYPE html>
<html lang=""en"">
<head>
  <meta charset=""UTF-8"">
  <meta name=""viewport"" content=""width=device-width, initial-scale=1.0"">
</head>
<body style=""font-family: Georgia, 'Times New Roman', serif; max-width: 600px;
             margin: 0 auto; color: #1a1a1a; line-height: 1.75; padding: 24px;"">

  <p>Hello Questions,</p>

  <p>
    I'm Soufyan, Strategic Branding Manager at <strong>Dõlmen Studios</strong>.
  </p>

  <p>
    At Dõlmen, we help companies through brand strategy and design with a strong focus
    on performance &amp; human connections — so they don't just look good, but actively
    drive business metrics such as leads, conversions, investment, and strategic partnerships.
  </p>

  <p>
    We've collaborated with companies such as Nike on strategic branding projects.
    If you'd like to see how we approach this work, you can find some of our most relevant
    case studies on
    <a href=""https://www.dolmenstudios.com"" style=""color: #2b5797; text-decoration: none;"">our website</a>.
  </p>

  <p>
    While researching technology companies, I came across
    <strong>Learn More</strong> —
    great to see the backing from TIIN Capital.
    Your product is solid, but we believe there&#39;s a meaningful opportunity to strengthen your visual identity and messaging to match the quality of your underlying business.
  </p>

  <p>
    If useful, we'd be happy to connect and offer a <strong>Free Brand Audit</strong>
    in a first video call — sharing concrete insights and specific improvement opportunities
    for Learn More.
  </p>

  <p>
    If that sounds good to you, just let me know what your availability looks like for next week.
  </p>

  <p style=""margin-top: 2em;"">
    Kind regards,<br>
    <strong>Soufyan</strong>
  </p>

  <hr style=""border: none; border-top: 1px solid #eee; margin-top: 2.5em;"">
  <p style=""font-size: 11px; color: #999; line-height: 1.5;"">
    You received this because Learn More appeared in our research on
    technology companies and we believe there could be a genuine fit.
    Reply STOP to opt out and we won't contact you again.
  </p>

</body>
</html>"
pending,Learn More,https://www.riverd.com,TIIN Capital,seed,technology,portfolio_page,,,info@riverd.com,https://www.riverd.com,Branding opportunity — Learn More × Dõlmen Studios,"<!DOCTYPE html>
<html lang=""en"">
<head>
  <meta charset=""UTF-8"">
  <meta name=""viewport"" content=""width=device-width, initial-scale=1.0"">
</head>
<body style=""font-family: Georgia, 'Times New Roman', serif; max-width: 600px;
             margin: 0 auto; color: #1a1a1a; line-height: 1.75; padding: 24px;"">

  <p>Hello there,</p>

  <p>
    I'm Soufyan, Strategic Branding Manager at <strong>Dõlmen Studios</strong>.
  </p>

  <p>
    At Dõlmen, we help companies through brand strategy and design with a strong focus
    on performance &amp; human connections — so they don't just look good, but actively
    drive business metrics such as leads, conversions, investment, and strategic partnerships.
  </p>

  <p>
    We've collaborated with companies such as Nike on strategic branding projects.
    If you'd like to see how we approach this work, you can find some of our most relevant
    case studies on
    <a href=""https://www.dolmenstudios.com"" style=""color: #2b5797; text-decoration: none;"">our website</a>.
  </p>

  <p>
    While researching technology companies, I came across
    <strong>Learn More</strong> —
    great to see the backing from TIIN Capital.
    Your product is solid, but we believe there&#39;s a meaningful opportunity to strengthen your visual identity and messaging to match the quality of your underlying business.
  </p>

  <p>
    If useful, we'd be happy to connect and offer a <strong>Free Brand Audit</strong>
    in a first video call — sharing concrete insights and specific improvement opportunities
    for Learn More.
  </p>

  <p>
    If that sounds good to you, just let me know what your availability looks like for next week.
  </p>

  <p style=""margin-top: 2em;"">
    Kind regards,<br>
    <strong>Soufyan</strong>
  </p>

  <hr style=""border: none; border-top: 1px solid #eee; margin-top: 2.5em;"">
  <p style=""font-size: 11px; color: #999; line-height: 1.5;"">
    You received this because Learn More appeared in our research on
    technology companies and we believe there could be a genuine fit.
    Reply STOP to opt out and we won't contact you again.
  </p>

</body>
</html>"
pending,Learn More,https://www.sendcloud.com,TIIN Capital,seed,technology,portfolio_page,,,contact@sendcloud.sc,https://www.sendcloud.com/about,Branding opportunity — Learn More × Dõlmen Studios,"<!DOCTYPE html>
<html lang=""en"">
<head>
  <meta charset=""UTF-8"">
  <meta name=""viewport"" content=""width=device-width, initial-scale=1.0"">
</head>
<body style=""font-family: Georgia, 'Times New Roman', serif; max-width: 600px;
             margin: 0 auto; color: #1a1a1a; line-height: 1.75; padding: 24px;"">

  <p>Hello there,</p>

  <p>
    I'm Soufyan, Strategic Branding Manager at <strong>Dõlmen Studios</strong>.
  </p>

  <p>
    At Dõlmen, we help companies through brand strategy and design with a strong focus
    on performance &amp; human connections — so they don't just look good, but actively
    drive business metrics such as leads, conversions, investment, and strategic partnerships.
  </p>

  <p>
    We've collaborated with companies such as Nike on strategic branding projects.
    If you'd like to see how we approach this work, you can find some of our most relevant
    case studies on
    <a href=""https://www.dolmenstudios.com"" style=""color: #2b5797; text-decoration: none;"">our website</a>.
  </p>

  <p>
    While researching technology companies, I came across
    <strong>Learn More</strong> —
    great to see the backing from TIIN Capital.
    Your product is solid, but we believe there&#39;s a meaningful opportunity to strengthen your visual identity and messaging to match the quality of your underlying business.
  </p>

  <p>
    If useful, we'd be happy to connect and offer a <strong>Free Brand Audit</strong>
    in a first video call — sharing concrete insights and specific improvement opportunities
    for Learn More.
  </p>

  <p>
    If that sounds good to you, just let me know what your availability looks like for next week.
  </p>

  <p style=""margin-top: 2em;"">
    Kind regards,<br>
    <strong>Soufyan</strong>
  </p>

  <hr style=""border: none; border-top: 1px solid #eee; margin-top: 2.5em;"">
  <p style=""font-size: 11px; color: #999; line-height: 1.5;"">
    You received this because Learn More appeared in our research on
    technology companies and we believe there could be a genuine fit.
    Reply STOP to opt out and we won't contact you again.
  </p>

</body>
</html>"
pending,Learn More,https://www.vivolta.com,TIIN Capital,seed,technology,portfolio_page,,,info@vivolta.com,https://www.vivolta.com,Branding opportunity — Learn More × Dõlmen Studios,"<!DOCTYPE html>
<html lang=""en"">
<head>
  <meta charset=""UTF-8"">
  <meta name=""viewport"" content=""width=device-width, initial-scale=1.0"">
</head>
<body style=""font-family: Georgia, 'Times New Roman', serif; max-width: 600px;
             margin: 0 auto; color: #1a1a1a; line-height: 1.75; padding: 24px;"">

  <p>Hello there,</p>

  <p>
    I'm Soufyan, Strategic Branding Manager at <strong>Dõlmen Studios</strong>.
  </p>

  <p>
    At Dõlmen, we help companies through brand strategy and design with a strong focus
    on performance &amp; human connections — so they don't just look good, but actively
    drive business metrics such as leads, conversions, investment, and strategic partnerships.
  </p>

  <p>
    We've collaborated with companies such as Nike on strategic branding projects.
    If you'd like to see how we approach this work, you can find some of our most relevant
    case studies on
    <a href=""https://www.dolmenstudios.com"" style=""color: #2b5797; text-decoration: none;"">our website</a>.
  </p>

  <p>
    While researching technology companies, I came across
    <strong>Learn More</strong> —
    great to see the backing from TIIN Capital.
    Your product is solid, but we believe there&#39;s a meaningful opportunity to strengthen your visual identity and messaging to match the quality of your underlying business.
  </p>

  <p>
    If useful, we'd be happy to connect and offer a <strong>Free Brand Audit</strong>
    in a first video call — sharing concrete insights and specific improvement opportunities
    for Learn More.
  </p>

  <p>
    If that sounds good to you, just let me know what your availability looks like for next week.
  </p>

  <p style=""margin-top: 2em;"">
    Kind regards,<br>
    <strong>Soufyan</strong>
  </p>

  <hr style=""border: none; border-top: 1px solid #eee; margin-top: 2.5em;"">
  <p style=""font-size: 11px; color: #999; line-height: 1.5;"">
    You received this because Learn More appeared in our research on
    technology companies and we believe there could be a genuine fit.
    Reply STOP to opt out and we won't contact you again.
  </p>

</body>
</html>"
pending,Snyk,http://www.snyk.com,TIIN Capital,seed,technology,portfolio_page,,,hello@snyk.com,pattern-based,Branding opportunity — Snyk × Dõlmen Studios,"<!DOCTYPE html>
<html lang=""en"">
<head>
  <meta charset=""UTF-8"">
  <meta name=""viewport"" content=""width=device-width, initial-scale=1.0"">
</head>
<body style=""font-family: Georgia, 'Times New Roman', serif; max-width: 600px;
             margin: 0 auto; color: #1a1a1a; line-height: 1.75; padding: 24px;"">

  <p>Hello there,</p>

  <p>
    I'm Soufyan, Strategic Branding Manager at <strong>Dõlmen Studios</strong>.
  </p>

  <p>
    At Dõlmen, we help companies through brand strategy and design with a strong focus
    on performance &amp; human connections — so they don't just look good, but actively
    drive business metrics such as leads, conversions, investment, and strategic partnerships.
  </p>

  <p>
    We've collaborated with companies such as Nike on strategic branding projects.
    If you'd like to see how we approach this work, you can find some of our most relevant
    case studies on
    <a href=""https://www.dolmenstudios.com"" style=""color: #2b5797; text-decoration: none;"">our website</a>.
  </p>

  <p>
    While researching technology companies, I came across
    <strong>Snyk</strong> —
    great to see the backing from TIIN Capital.
    Your product is solid, but we believe there&#39;s a meaningful opportunity to strengthen your visual identity and messaging to match the quality of your underlying business.
  </p>

  <p>
    If useful, we'd be happy to connect and offer a <strong>Free Brand Audit</strong>
    in a first video call — sharing concrete insights and specific improvement opportunities
    for Snyk.
  </p>

  <p>
    If that sounds good to you, just let me know what your availability looks like for next week.
  </p>

  <p style=""margin-top: 2em;"">
    Kind regards,<br>
    <strong>Soufyan</strong>
  </p>

  <hr style=""border: none; border-top: 1px solid #eee; margin-top: 2.5em;"">
  <p style=""font-size: 11px; color: #999; line-height: 1.5;"">
    You received this because Snyk appeared in our research on
    technology companies and we believe there could be a genuine fit.
    Reply STOP to opt out and we won't contact you again.
  </p>

</body>
</html>"
pending,Learn More,https://probely.com,TIIN Capital,seed,technology,portfolio_page,,,hello@probely.com,pattern-based,Branding opportunity — Learn More × Dõlmen Studios,"<!DOCTYPE html>
<html lang=""en"">
<head>
  <meta charset=""UTF-8"">
  <meta name=""viewport"" content=""width=device-width, initial-scale=1.0"">
</head>
<body style=""font-family: Georgia, 'Times New Roman', serif; max-width: 600px;
             margin: 0 auto; color: #1a1a1a; line-height: 1.75; padding: 24px;"">

  <p>Hello there,</p>

  <p>
    I'm Soufyan, Strategic Branding Manager at <strong>Dõlmen Studios</strong>.
  </p>

  <p>
    At Dõlmen, we help companies through brand strategy and design with a strong focus
    on performance &amp; human connections — so they don't just look good, but actively
    drive business metrics such as leads, conversions, investment, and strategic partnerships.
  </p>

  <p>
    We've collaborated with companies such as Nike on strategic branding projects.
    If you'd like to see how we approach this work, you can find some of our most relevant
    case studies on
    <a href=""https://www.dolmenstudios.com"" style=""color: #2b5797; text-decoration: none;"">our website</a>.
  </p>

  <p>
    While researching technology companies, I came across
    <strong>Learn More</strong> —
    great to see the backing from TIIN Capital.
    Your product is solid, but we believe there&#39;s a meaningful opportunity to strengthen your visual identity and messaging to match the quality of your underlying business.
  </p>

  <p>
    If useful, we'd be happy to connect and offer a <strong>Free Brand Audit</strong>
    in a first video call — sharing concrete insights and specific improvement opportunities
    for Learn More.
  </p>

  <p>
    If that sounds good to you, just let me know what your availability looks like for next week.
  </p>

  <p style=""margin-top: 2em;"">
    Kind regards,<br>
    <strong>Soufyan</strong>
  </p>

  <hr style=""border: none; border-top: 1px solid #eee; margin-top: 2.5em;"">
  <p style=""font-size: 11px; color: #999; line-height: 1.5;"">
    You received this because Learn More appeared in our research on
    technology companies and we believe there could be a genuine fit.
    Reply STOP to opt out and we won't contact you again.
  </p>

</body>
</html>"
pending,Learn More,https://www.awencollective.com,TIIN Capital,seed,technology,portfolio_page,,,hello@awencollective.com,https://www.awencollective.com,Branding opportunity — Learn More × Dõlmen Studios,"<!DOCTYPE html>
<html lang=""en"">
<head>
  <meta charset=""UTF-8"">
  <meta name=""viewport"" content=""width=device-width, initial-scale=1.0"">
</head>
<body style=""font-family: Georgia, 'Times New Roman', serif; max-width: 600px;
             margin: 0 auto; color: #1a1a1a; line-height: 1.75; padding: 24px;"">

  <p>Hello there,</p>

  <p>
    I'm Soufyan, Strategic Branding Manager at <strong>Dõlmen Studios</strong>.
  </p>

  <p>
    At Dõlmen, we help companies through brand strategy and design with a strong focus
    on performance &amp; human connections — so they don't just look good, but actively
    drive business metrics such as leads, conversions, investment, and strategic partnerships.
  </p>

  <p>
    We've collaborated with companies such as Nike on strategic branding projects.
    If you'd like to see how we approach this work, you can find some of our most relevant
    case studies on
    <a href=""https://www.dolmenstudios.com"" style=""color: #2b5797; text-decoration: none;"">our website</a>.
  </p>

  <p>
    While researching technology companies, I came across
    <strong>Learn More</strong> —
    great to see the backing from TIIN Capital.
    Your product is solid, but we believe there&#39;s a meaningful opportunity to strengthen your visual identity and messaging to match the quality of your underlying business.
  </p>

  <p>
    If useful, we'd be happy to connect and offer a <strong>Free Brand Audit</strong>
    in a first video call — sharing concrete insights and specific improvement opportunities
    for Learn More.
  </p>

  <p>
    If that sounds good to you, just let me know what your availability looks like for next week.
  </p>

  <p style=""margin-top: 2em;"">
    Kind regards,<br>
    <strong>Soufyan</strong>
  </p>

  <hr style=""border: none; border-top: 1px solid #eee; margin-top: 2.5em;"">
  <p style=""font-size: 11px; color: #999; line-height: 1.5;"">
    You received this because Learn More appeared in our research on
    technology companies and we believe there could be a genuine fit.
    Reply STOP to opt out and we won't contact you again.
  </p>

</body>
</html>"
pending,Learn More,https://felton.nl,TIIN Capital,seed,technology,portfolio_page,,,servicedesk@felton.nl,https://felton.nl/contact,Branding opportunity — Learn More × Dõlmen Studios,"<!DOCTYPE html>
<html lang=""en"">
<head>
  <meta charset=""UTF-8"">
  <meta name=""viewport"" content=""width=device-width, initial-scale=1.0"">
</head>
<body style=""font-family: Georgia, 'Times New Roman', serif; max-width: 600px;
             margin: 0 auto; color: #1a1a1a; line-height: 1.75; padding: 24px;"">

  <p>Hello there,</p>

  <p>
    I'm Soufyan, Strategic Branding Manager at <strong>Dõlmen Studios</strong>.
  </p>

  <p>
    At Dõlmen, we help companies through brand strategy and design with a strong focus
    on performance &amp; human connections — so they don't just look good, but actively
    drive business metrics such as leads, conversions, investment, and strategic partnerships.
  </p>

  <p>
    We've collaborated with companies such as Nike on strategic branding projects.
    If you'd like to see how we approach this work, you can find some of our most relevant
    case studies on
    <a href=""https://www.dolmenstudios.com"" style=""color: #2b5797; text-decoration: none;"">our website</a>.
  </p>

  <p>
    While researching technology companies, I came across
    <strong>Learn More</strong> —
    great to see the backing from TIIN Capital.
    Your product is solid, but we believe there&#39;s a meaningful opportunity to strengthen your visual identity and messaging to match the quality of your underlying business.
  </p>

  <p>
    If useful, we'd be happy to connect and offer a <strong>Free Brand Audit</strong>
    in a first video call — sharing concrete insights and specific improvement opportunities
    for Learn More.
  </p>

  <p>
    If that sounds good to you, just let me know what your availability looks like for next week.
  </p>

  <p style=""margin-top: 2em;"">
    Kind regards,<br>
    <strong>Soufyan</strong>
  </p>

  <hr style=""border: none; border-top: 1px solid #eee; margin-top: 2.5em;"">
  <p style=""font-size: 11px; color: #999; line-height: 1.5;"">
    You received this because Learn More appeared in our research on
    technology companies and we believe there could be a genuine fit.
    Reply STOP to opt out and we won't contact you again.
  </p>

</body>
</html>"
pending,Learn More,https://datumprikker.nl,TIIN Capital,seed,technology,portfolio_page,,Kantoor Haarlem,info@datumprikker.nl,https://datumprikker.nl/about,Branding opportunity — Learn More × Dõlmen Studios,"<!DOCTYPE html>
<html lang=""en"">
<head>
  <meta charset=""UTF-8"">
  <meta name=""viewport"" content=""width=device-width, initial-scale=1.0"">
</head>
<body style=""font-family: Georgia, 'Times New Roman', serif; max-width: 600px;
             margin: 0 auto; color: #1a1a1a; line-height: 1.75; padding: 24px;"">

  <p>Hello Kantoor,</p>

  <p>
    I'm Soufyan, Strategic Branding Manager at <strong>Dõlmen Studios</strong>.
  </p>

  <p>
    At Dõlmen, we help companies through brand strategy and design with a strong focus
    on performance &amp; human connections — so they don't just look good, but actively
    drive business metrics such as leads, conversions, investment, and strategic partnerships.
  </p>

  <p>
    We've collaborated with companies such as Nike on strategic branding projects.
    If you'd like to see how we approach this work, you can find some of our most relevant
    case studies on
    <a href=""https://www.dolmenstudios.com"" style=""color: #2b5797; text-decoration: none;"">our website</a>.
  </p>

  <p>
    While researching technology companies, I came across
    <strong>Learn More</strong> —
    great to see the backing from TIIN Capital.
    Your product is solid, but we believe there&#39;s a meaningful opportunity to strengthen your visual identity and messaging to match the quality of your underlying business.
  </p>

  <p>
    If useful, we'd be happy to connect and offer a <strong>Free Brand Audit</strong>
    in a first video call — sharing concrete insights and specific improvement opportunities
    for Learn More.
  </p>

  <p>
    If that sounds good to you, just let me know what your availability looks like for next week.
  </p>

  <p style=""margin-top: 2em;"">
    Kind regards,<br>
    <strong>Soufyan</strong>
  </p>

  <hr style=""border: none; border-top: 1px solid #eee; margin-top: 2.5em;"">
  <p style=""font-size: 11px; color: #999; line-height: 1.5;"">
    You received this because Learn More appeared in our research on
    technology companies and we believe there could be a genuine fit.
    Reply STOP to opt out and we won't contact you again.
  </p>

</body>
</html>"
pending,Learn More,https://www.sweepatic.com,TIIN Capital,seed,technology,portfolio_page,,,info@outpost24.com,https://www.sweepatic.com,Branding opportunity — Learn More × Dõlmen Studios,"<!DOCTYPE html>
<html lang=""en"">
<head>
  <meta charset=""UTF-8"">
  <meta name=""viewport"" content=""width=device-width, initial-scale=1.0"">
</head>
<body style=""font-family: Georgia, 'Times New Roman', serif; max-width: 600px;
             margin: 0 auto; color: #1a1a1a; line-height: 1.75; padding: 24px;"">

  <p>Hello there,</p>

  <p>
    I'm Soufyan, Strategic Branding Manager at <strong>Dõlmen Studios</strong>.
  </p>

  <p>
    At Dõlmen, we help companies through brand strategy and design with a strong focus
    on performance &amp; human connections — so they don't just look good, but actively
    drive business metrics such as leads, conversions, investment, and strategic partnerships.
  </p>

  <p>
    We've collaborated with companies such as Nike on strategic branding projects.
    If you'd like to see how we approach this work, you can find some of our most relevant
    case studies on
    <a href=""https://www.dolmenstudios.com"" style=""color: #2b5797; text-decoration: none;"">our website</a>.
  </p>

  <p>
    While researching technology companies, I came across
    <strong>Learn More</strong> —
    great to see the backing from TIIN Capital.
    Your product is solid, but we believe there&#39;s a meaningful opportunity to strengthen your visual identity and messaging to match the quality of your underlying business.
  </p>

  <p>
    If useful, we'd be happy to connect and offer a <strong>Free Brand Audit</strong>
    in a first video call — sharing concrete insights and specific improvement opportunities
    for Learn More.
  </p>

  <p>
    If that sounds good to you, just let me know what your availability looks like for next week.
  </p>

  <p style=""margin-top: 2em;"">
    Kind regards,<br>
    <strong>Soufyan</strong>
  </p>

  <hr style=""border: none; border-top: 1px solid #eee; margin-top: 2.5em;"">
  <p style=""font-size: 11px; color: #999; line-height: 1.5;"">
    You received this because Learn More appeared in our research on
    technology companies and we believe there could be a genuine fit.
    Reply STOP to opt out and we won't contact you again.
  </p>

</body>
</html>"
pending,Learn More,https://dycotrade.com,TIIN Capital,seed,technology,portfolio_page,,DycoTrade B.V.,info@dycotrade.com,https://dycotrade.com,Branding opportunity — Learn More × Dõlmen Studios,"<!DOCTYPE html>
<html lang=""en"">
<head>
  <meta charset=""UTF-8"">
  <meta name=""viewport"" content=""width=device-width, initial-scale=1.0"">
</head>
<body style=""font-family: Georgia, 'Times New Roman', serif; max-width: 600px;
             margin: 0 auto; color: #1a1a1a; line-height: 1.75; padding: 24px;"">

  <p>Hello DycoTrade,</p>

  <p>
    I'm Soufyan, Strategic Branding Manager at <strong>Dõlmen Studios</strong>.
  </p>

  <p>
    At Dõlmen, we help companies through brand strategy and design with a strong focus
    on performance &amp; human connections — so they don't just look good, but actively
    drive business metrics such as leads, conversions, investment, and strategic partnerships.
  </p>

  <p>
    We've collaborated with companies such as Nike on strategic branding projects.
    If you'd like to see how we approach this work, you can find some of our most relevant
    case studies on
    <a href=""https://www.dolmenstudios.com"" style=""color: #2b5797; text-decoration: none;"">our website</a>.
  </p>

  <p>
    While researching technology companies, I came across
    <strong>Learn More</strong> —
    great to see the backing from TIIN Capital.
    Your product is solid, but we believe there&#39;s a meaningful opportunity to strengthen your visual identity and messaging to match the quality of your underlying business.
  </p>

  <p>
    If useful, we'd be happy to connect and offer a <strong>Free Brand Audit</strong>
    in a first video call — sharing concrete insights and specific improvement opportunities
    for Learn More.
  </p>

  <p>
    If that sounds good to you, just let me know what your availability looks like for next week.
  </p>

  <p style=""margin-top: 2em;"">
    Kind regards,<br>
    <strong>Soufyan</strong>
  </p>

  <hr style=""border: none; border-top: 1px solid #eee; margin-top: 2.5em;"">
  <p style=""font-size: 11px; color: #999; line-height: 1.5;"">
    You received this because Learn More appeared in our research on
    technology companies and we believe there could be a genuine fit.
    Reply STOP to opt out and we won't contact you again.
  </p>

</body>
</html>"
pending,Learn More,https://certusautomation.com,TIIN Capital,seed,technology,portfolio_page,,,sales@certusautomation.com,https://certusautomation.com,Branding opportunity — Learn More × Dõlmen Studios,"<!DOCTYPE html>
<html lang=""en"">
<head>
  <meta charset=""UTF-8"">
  <meta name=""viewport"" content=""width=device-width, initial-scale=1.0"">
</head>
<body style=""font-family: Georgia, 'Times New Roman', serif; max-width: 600px;
             margin: 0 auto; color: #1a1a1a; line-height: 1.75; padding: 24px;"">

  <p>Hello there,</p>

  <p>
    I'm Soufyan, Strategic Branding Manager at <strong>Dõlmen Studios</strong>.
  </p>

  <p>
    At Dõlmen, we help companies through brand strategy and design with a strong focus
    on performance &amp; human connections — so they don't just look good, but actively
    drive business metrics such as leads, conversions, investment, and strategic partnerships.
  </p>

  <p>
    We've collaborated with companies such as Nike on strategic branding projects.
    If you'd like to see how we approach this work, you can find some of our most relevant
    case studies on
    <a href=""https://www.dolmenstudios.com"" style=""color: #2b5797; text-decoration: none;"">our website</a>.
  </p>

  <p>
    While researching technology companies, I came across
    <strong>Learn More</strong> —
    great to see the backing from TIIN Capital.
    Your product is solid, but we believe there&#39;s a meaningful opportunity to strengthen your visual identity and messaging to match the quality of your underlying business.
  </p>

  <p>
    If useful, we'd be happy to connect and offer a <strong>Free Brand Audit</strong>
    in a first video call — sharing concrete insights and specific improvement opportunities
    for Learn More.
  </p>

  <p>
    If that sounds good to you, just let me know what your availability looks like for next week.
  </p>

  <p style=""margin-top: 2em;"">
    Kind regards,<br>
    <strong>Soufyan</strong>
  </p>

  <hr style=""border: none; border-top: 1px solid #eee; margin-top: 2.5em;"">
  <p style=""font-size: 11px; color: #999; line-height: 1.5;"">
    You received this because Learn More appeared in our research on
    technology companies and we believe there could be a genuine fit.
    Reply STOP to opt out and we won't contact you again.
  </p>

</body>
</html>"
pending,aim,https://www.aim.nu,Borski Fund,seed,female-led technology,portfolio_page,,,info@aim.nu,https://www.aim.nu,Branding opportunity — aim × Dõlmen Studios,"<!DOCTYPE html>
<html lang=""en"">
<head>
  <meta charset=""UTF-8"">
  <meta name=""viewport"" content=""width=device-width, initial-scale=1.0"">
</head>
<body style=""font-family: Georgia, 'Times New Roman', serif; max-width: 600px;
             margin: 0 auto; color: #1a1a1a; line-height: 1.75; padding: 24px;"">

  <p>Hello there,</p>

  <p>
    I'm Soufyan, Strategic Branding Manager at <strong>Dõlmen Studios</strong>.
  </p>

  <p>
    At Dõlmen, we help companies through brand strategy and design with a strong focus
    on performance &amp; human connections — so they don't just look good, but actively
    drive business metrics such as leads, conversions, investment, and strategic partnerships.
  </p>

  <p>
    We've collaborated with companies such as Nike on strategic branding projects.
    If you'd like to see how we approach this work, you can find some of our most relevant
    case studies on
    <a href=""https://www.dolmenstudios.com"" style=""color: #2b5797; text-decoration: none;"">our website</a>.
  </p>

  <p>
    While researching technology companies, I came across
    <strong>aim</strong> —
    great to see the backing from Borski Fund.
    Your product is solid, but we believe there&#39;s a meaningful opportunity to strengthen your visual identity and messaging to match the quality of your underlying business.
  </p>

  <p>
    If useful, we'd be happy to connect and offer a <strong>Free Brand Audit</strong>
    in a first video call — sharing concrete insights and specific improvement opportunities
    for aim.
  </p>

  <p>
    If that sounds good to you, just let me know what your availability looks like for next week.
  </p>

  <p style=""margin-top: 2em;"">
    Kind regards,<br>
    <strong>Soufyan</strong>
  </p>

  <hr style=""border: none; border-top: 1px solid #eee; margin-top: 2.5em;"">
  <p style=""font-size: 11px; color: #999; line-height: 1.5;"">
    You received this because aim appeared in our research on
    technology companies and we believe there could be a genuine fit.
    Reply STOP to opt out and we won't contact you again.
  </p>

</body>
</html>"
pending,Nomads,https://www.nomads.vc,Hummingbird VC,seed,consumer saas marketplace,portfolio_page,,,hello@nomads.vc,https://www.nomads.vc,Branding opportunity — Nomads × Dõlmen Studios,"<!DOCTYPE html>
<html lang=""en"">
<head>
  <meta charset=""UTF-8"">
  <meta name=""viewport"" content=""width=device-width, initial-scale=1.0"">
</head>
<body style=""font-family: Georgia, 'Times New Roman', serif; max-width: 600px;
             margin: 0 auto; color: #1a1a1a; line-height: 1.75; padding: 24px;"">

  <p>Hello there,</p>

  <p>
    I'm Soufyan, Strategic Branding Manager at <strong>Dõlmen Studios</strong>.
  </p>

  <p>
    At Dõlmen, we help companies through brand strategy and design with a strong focus
    on performance &amp; human connections — so they don't just look good, but actively
    drive business metrics such as leads, conversions, investment, and strategic partnerships.
  </p>

  <p>
    We've collaborated with companies such as Nike on strategic branding projects.
    If you'd like to see how we approach this work, you can find some of our most relevant
    case studies on
    <a href=""https://www.dolmenstudios.com"" style=""color: #2b5797; text-decoration: none;"">our website</a>.
  </p>

  <p>
    While researching SaaS companies, I came across
    <strong>Nomads</strong> —
    great to see the backing from Hummingbird VC.
    Your SaaS product is solid, but your visual identity doesn&#39;t yet match the quality of what you&#39;ve built — and that gap costs you at every enterprise demo and investor conversation.
  </p>

  <p>
    If useful, we'd be happy to connect and offer a <strong>Free Brand Audit</strong>
    in a first video call — sharing concrete insights and specific improvement opportunities
    for Nomads.
  </p>

  <p>
    If that sounds good to you, just let me know what your availability looks like for next week.
  </p>

  <p style=""margin-top: 2em;"">
    Kind regards,<br>
    <strong>Soufyan</strong>
  </p>

  <hr style=""border: none; border-top: 1px solid #eee; margin-top: 2.5em;"">
  <p style=""font-size: 11px; color: #999; line-height: 1.5;"">
    You received this because Nomads appeared in our research on
    SaaS companies and we believe there could be a genuine fit.
    Reply STOP to opt out and we won't contact you again.
  </p>

</body>
</html>"
pending,BOM - Catalyzing change,https://www.bom.nl,BOM Brabant Ventures,pre-seed seed,technology,portfolio_page,,,info@bom.nl,https://www.bom.nl,Branding opportunity — BOM - Catalyzing change × Dõlmen Studios,"<!DOCTYPE html>
<html lang=""en"">
<head>
  <meta charset=""UTF-8"">
  <meta name=""viewport"" content=""width=device-width, initial-scale=1.0"">
</head>
<body style=""font-family: Georgia, 'Times New Roman', serif; max-width: 600px;
             margin: 0 auto; color: #1a1a1a; line-height: 1.75; padding: 24px;"">

  <p>Hello there,</p>

  <p>
    I'm Soufyan, Strategic Branding Manager at <strong>Dõlmen Studios</strong>.
  </p>

  <p>
    At Dõlmen, we help companies through brand strategy and design with a strong focus
    on performance &amp; human connections — so they don't just look good, but actively
    drive business metrics such as leads, conversions, investment, and strategic partnerships.
  </p>

  <p>
    We've collaborated with companies such as Nike on strategic branding projects.
    If you'd like to see how we approach this work, you can find some of our most relevant
    case studies on
    <a href=""https://www.dolmenstudios.com"" style=""color: #2b5797; text-decoration: none;"">our website</a>.
  </p>

  <p>
    While researching technology companies, I came across
    <strong>BOM - Catalyzing change</strong> —
    great to see the backing from BOM Brabant Ventures.
    Your product is solid, but we believe there&#39;s a meaningful opportunity to strengthen your visual identity and messaging to match the quality of your underlying business.
  </p>

  <p>
    If useful, we'd be happy to connect and offer a <strong>Free Brand Audit</strong>
    in a first video call — sharing concrete insights and specific improvement opportunities
    for BOM - Catalyzing change.
  </p>

  <p>
    If that sounds good to you, just let me know what your availability looks like for next week.
  </p>

  <p style=""margin-top: 2em;"">
    Kind regards,<br>
    <strong>Soufyan</strong>
  </p>

  <hr style=""border: none; border-top: 1px solid #eee; margin-top: 2.5em;"">
  <p style=""font-size: 11px; color: #999; line-height: 1.5;"">
    You received this because BOM - Catalyzing change appeared in our research on
    technology companies and we believe there could be a genuine fit.
    Reply STOP to opt out and we won't contact you again.
  </p>

</body>
</html>"
pending,Annual reports BOM,https://prestaties.bom.nl,BOM Brabant Ventures,pre-seed seed,technology,portfolio_page,,,info@bom.nl,https://prestaties.bom.nl,Branding opportunity — Annual reports BOM × Dõlmen Studios,"<!DOCTYPE html>
<html lang=""en"">
<head>
  <meta charset=""UTF-8"">
  <meta name=""viewport"" content=""width=device-width, initial-scale=1.0"">
</head>
<body style=""font-family: Georgia, 'Times New Roman', serif; max-width: 600px;
             margin: 0 auto; color: #1a1a1a; line-height: 1.75; padding: 24px;"">

  <p>Hello there,</p>

  <p>
    I'm Soufyan, Strategic Branding Manager at <strong>Dõlmen Studios</strong>.
  </p>

  <p>
    At Dõlmen, we help companies through brand strategy and design with a strong focus
    on performance &amp; human connections — so they don't just look good, but actively
    drive business metrics such as leads, conversions, investment, and strategic partnerships.
  </p>

  <p>
    We've collaborated with companies such as Nike on strategic branding projects.
    If you'd like to see how we approach this work, you can find some of our most relevant
    case studies on
    <a href=""https://www.dolmenstudios.com"" style=""color: #2b5797; text-decoration: none;"">our website</a>.
  </p>

  <p>
    While researching technology companies, I came across
    <strong>Annual reports BOM</strong> —
    great to see the backing from BOM Brabant Ventures.
    Your product is solid, but we believe there&#39;s a meaningful opportunity to strengthen your visual identity and messaging to match the quality of your underlying business.
  </p>

  <p>
    If useful, we'd be happy to connect and offer a <strong>Free Brand Audit</strong>
    in a first video call — sharing concrete insights and specific improvement opportunities
    for Annual reports BOM.
  </p>

  <p>
    If that sounds good to you, just let me know what your availability looks like for next week.
  </p>

  <p style=""margin-top: 2em;"">
    Kind regards,<br>
    <strong>Soufyan</strong>
  </p>

  <hr style=""border: none; border-top: 1px solid #eee; margin-top: 2.5em;"">
  <p style=""font-size: 11px; color: #999; line-height: 1.5;"">
    You received this because Annual reports BOM appeared in our research on
    technology companies and we believe there could be a genuine fit.
    Reply STOP to opt out and we won't contact you again.
  </p>

</body>
</html>"
pending,HighTechXL Group B.V.,https://hightechxl.com,BOM Brabant Ventures,pre-seed seed,technology,portfolio_page,,,info@hightechxl.com,https://hightechxl.com,Branding opportunity — HighTechXL Group B.V. × Dõlmen Studios,"<!DOCTYPE html>
<html lang=""en"">
<head>
  <meta charset=""UTF-8"">
  <meta name=""viewport"" content=""width=device-width, initial-scale=1.0"">
</head>
<body style=""font-family: Georgia, 'Times New Roman', serif; max-width: 600px;
             margin: 0 auto; color: #1a1a1a; line-height: 1.75; padding: 24px;"">

  <p>Hello there,</p>

  <p>
    I'm Soufyan, Strategic Branding Manager at <strong>Dõlmen Studios</strong>.
  </p>

  <p>
    At Dõlmen, we help companies through brand strategy and design with a strong focus
    on performance &amp; human connections — so they don't just look good, but actively
    drive business metrics such as leads, conversions, investment, and strategic partnerships.
  </p>

  <p>
    We've collaborated with companies such as Nike on strategic branding projects.
    If you'd like to see how we approach this work, you can find some of our most relevant
    case studies on
    <a href=""https://www.dolmenstudios.com"" style=""color: #2b5797; text-decoration: none;"">our website</a>.
  </p>

  <p>
    While researching technology companies, I came across
    <strong>HighTechXL Group B.V.</strong> —
    great to see the backing from BOM Brabant Ventures.
    Your product is solid, but we believe there&#39;s a meaningful opportunity to strengthen your visual identity and messaging to match the quality of your underlying business.
  </p>

  <p>
    If useful, we'd be happy to connect and offer a <strong>Free Brand Audit</strong>
    in a first video call — sharing concrete insights and specific improvement opportunities
    for HighTechXL Group B.V..
  </p>

  <p>
    If that sounds good to you, just let me know what your availability looks like for next week.
  </p>

  <p style=""margin-top: 2em;"">
    Kind regards,<br>
    <strong>Soufyan</strong>
  </p>

  <hr style=""border: none; border-top: 1px solid #eee; margin-top: 2.5em;"">
  <p style=""font-size: 11px; color: #999; line-height: 1.5;"">
    You received this because HighTechXL Group B.V. appeared in our research on
    technology companies and we believe there could be a genuine fit.
    Reply STOP to opt out and we won't contact you again.
  </p>

</body>
</html>"
pending,Tidal Control B.V.Security Compliance Automation Platform,https://tidalcontrol.com,BOM Brabant Ventures,pre-seed seed,technology,portfolio_page,,,info@tidalcontrol.com,https://tidalcontrol.com,Branding opportunity — Tidal Control B.V.Security Compliance Automation Platform × Dõlmen Studios,"<!DOCTYPE html>
<html lang=""en"">
<head>
  <meta charset=""UTF-8"">
  <meta name=""viewport"" content=""width=device-width, initial-scale=1.0"">
</head>
<body style=""font-family: Georgia, 'Times New Roman', serif; max-width: 600px;
             margin: 0 auto; color: #1a1a1a; line-height: 1.75; padding: 24px;"">

  <p>Hello there,</p>

  <p>
    I'm Soufyan, Strategic Branding Manager at <strong>Dõlmen Studios</strong>.
  </p>

  <p>
    At Dõlmen, we help companies through brand strategy and design with a strong focus
    on performance &amp; human connections — so they don't just look good, but actively
    drive business metrics such as leads, conversions, investment, and strategic partnerships.
  </p>

  <p>
    We've collaborated with companies such as Nike on strategic branding projects.
    If you'd like to see how we approach this work, you can find some of our most relevant
    case studies on
    <a href=""https://www.dolmenstudios.com"" style=""color: #2b5797; text-decoration: none;"">our website</a>.
  </p>

  <p>
    While researching technology companies, I came across
    <strong>Tidal Control B.V.Security Compliance Automation Platform</strong> —
    great to see the backing from BOM Brabant Ventures.
    Your product is solid, but we believe there&#39;s a meaningful opportunity to strengthen your visual identity and messaging to match the quality of your underlying business.
  </p>

  <p>
    If useful, we'd be happy to connect and offer a <strong>Free Brand Audit</strong>
    in a first video call — sharing concrete insights and specific improvement opportunities
    for Tidal Control B.V.Security Compliance Automation Platform.
  </p>

  <p>
    If that sounds good to you, just let me know what your availability looks like for next week.
  </p>

  <p style=""margin-top: 2em;"">
    Kind regards,<br>
    <strong>Soufyan</strong>
  </p>

  <hr style=""border: none; border-top: 1px solid #eee; margin-top: 2.5em;"">
  <p style=""font-size: 11px; color: #999; line-height: 1.5;"">
    You received this because Tidal Control B.V.Security Compliance Automation Platform appeared in our research on
    technology companies and we believe there could be a genuine fit.
    Reply STOP to opt out and we won't contact you again.
  </p>

</body>
</html>"
pending,Equflow B.V.Innovatieve flow meters.,https://www.equflow.com,BOM Brabant Ventures,pre-seed seed,technology,portfolio_page,,,hello@equflow.com,pattern-based,Branding opportunity — Equflow B.V.Innovatieve flow meters. × Dõlmen Studios,"<!DOCTYPE html>
<html lang=""en"">
<head>
  <meta charset=""UTF-8"">
  <meta name=""viewport"" content=""width=device-width, initial-scale=1.0"">
</head>
<body style=""font-family: Georgia, 'Times New Roman', serif; max-width: 600px;
             margin: 0 auto; color: #1a1a1a; line-height: 1.75; padding: 24px;"">

  <p>Hello there,</p>

  <p>
    I'm Soufyan, Strategic Branding Manager at <strong>Dõlmen Studios</strong>.
  </p>

  <p>
    At Dõlmen, we help companies through brand strategy and design with a strong focus
    on performance &amp; human connections — so they don't just look good, but actively
    drive business metrics such as leads, conversions, investment, and strategic partnerships.
  </p>

  <p>
    We've collaborated with companies such as Nike on strategic branding projects.
    If you'd like to see how we approach this work, you can find some of our most relevant
    case studies on
    <a href=""https://www.dolmenstudios.com"" style=""color: #2b5797; text-decoration: none;"">our website</a>.
  </p>

  <p>
    While researching technology companies, I came across
    <strong>Equflow B.V.Innovatieve flow meters.</strong> —
    great to see the backing from BOM Brabant Ventures.
    Your product is solid, but we believe there&#39;s a meaningful opportunity to strengthen your visual identity and messaging to match the quality of your underlying business.
  </p>

  <p>
    If useful, we'd be happy to connect and offer a <strong>Free Brand Audit</strong>
    in a first video call — sharing concrete insights and specific improvement opportunities
    for Equflow B.V.Innovatieve flow meters..
  </p>

  <p>
    If that sounds good to you, just let me know what your availability looks like for next week.
  </p>

  <p style=""margin-top: 2em;"">
    Kind regards,<br>
    <strong>Soufyan</strong>
  </p>

  <hr style=""border: none; border-top: 1px solid #eee; margin-top: 2.5em;"">
  <p style=""font-size: 11px; color: #999; line-height: 1.5;"">
    You received this because Equflow B.V.Innovatieve flow meters. appeared in our research on
    technology companies and we believe there could be a genuine fit.
    Reply STOP to opt out and we won't contact you again.
  </p>

</body>
</html>"
pending,SiouxOntwikkelt en verkoopt volledig gedigitaliseerde meldkamerdiensten.,https://www.sioux.eu,BOM Brabant Ventures,pre-seed seed,technology,portfolio_page,,,hello@sioux.eu,pattern-based,Branding opportunity — SiouxOntwikkelt en verkoopt volledig gedigitaliseerde meldkamerdiensten. × Dõlmen Studios,"<!DOCTYPE html>
<html lang=""en"">
<head>
  <meta charset=""UTF-8"">
  <meta name=""viewport"" content=""width=device-width, initial-scale=1.0"">
</head>
<body style=""font-family: Georgia, 'Times New Roman', serif; max-width: 600px;
             margin: 0 auto; color: #1a1a1a; line-height: 1.75; padding: 24px;"">

  <p>Hello there,</p>

  <p>
    I'm Soufyan, Strategic Branding Manager at <strong>Dõlmen Studios</strong>.
  </p>

  <p>
    At Dõlmen, we help companies through brand strategy and design with a strong focus
    on performance &amp; human connections — so they don't just look good, but actively
    drive business metrics such as leads, conversions, investment, and strategic partnerships.
  </p>

  <p>
    We've collaborated with companies such as Nike on strategic branding projects.
    If you'd like to see how we approach this work, you can find some of our most relevant
    case studies on
    <a href=""https://www.dolmenstudios.com"" style=""color: #2b5797; text-decoration: none;"">our website</a>.
  </p>

  <p>
    While researching technology companies, I came across
    <strong>SiouxOntwikkelt en verkoopt volledig gedigitaliseerde meldkamerdiensten.</strong> —
    great to see the backing from BOM Brabant Ventures.
    Your product is solid, but we believe there&#39;s a meaningful opportunity to strengthen your visual identity and messaging to match the quality of your underlying business.
  </p>

  <p>
    If useful, we'd be happy to connect and offer a <strong>Free Brand Audit</strong>
    in a first video call — sharing concrete insights and specific improvement opportunities
    for SiouxOntwikkelt en verkoopt volledig gedigitaliseerde meldkamerdiensten..
  </p>

  <p>
    If that sounds good to you, just let me know what your availability looks like for next week.
  </p>

  <p style=""margin-top: 2em;"">
    Kind regards,<br>
    <strong>Soufyan</strong>
  </p>

  <hr style=""border: none; border-top: 1px solid #eee; margin-top: 2.5em;"">
  <p style=""font-size: 11px; color: #999; line-height: 1.5;"">
    You received this because SiouxOntwikkelt en verkoopt volledig gedigitaliseerde meldkamerdiensten. appeared in our research on
    technology companies and we believe there could be a genuine fit.
    Reply STOP to opt out and we won't contact you again.
  </p>

</body>
</html>"
pending,Solease B.V.Zonnestroom voor particulieren.,https://solease.nl,BOM Brabant Ventures,pre-seed seed,technology,portfolio_page,,,info@solease.nl,https://solease.nl/contact,Branding opportunity — Solease B.V.Zonnestroom voor particulieren. × Dõlmen Studios,"<!DOCTYPE html>
<html lang=""en"">
<head>
  <meta charset=""UTF-8"">
  <meta name=""viewport"" content=""width=device-width, initial-scale=1.0"">
</head>
<body style=""font-family: Georgia, 'Times New Roman', serif; max-width: 600px;
             margin: 0 auto; color: #1a1a1a; line-height: 1.75; padding: 24px;"">

  <p>Hello there,</p>

  <p>
    I'm Soufyan, Strategic Branding Manager at <strong>Dõlmen Studios</strong>.
  </p>

  <p>
    At Dõlmen, we help companies through brand strategy and design with a strong focus
    on performance &amp; human connections — so they don't just look good, but actively
    drive business metrics such as leads, conversions, investment, and strategic partnerships.
  </p>

  <p>
    We've collaborated with companies such as Nike on strategic branding projects.
    If you'd like to see how we approach this work, you can find some of our most relevant
    case studies on
    <a href=""https://www.dolmenstudios.com"" style=""color: #2b5797; text-decoration: none;"">our website</a>.
  </p>

  <p>
    While researching technology companies, I came across
    <strong>Solease B.V.Zonnestroom voor particulieren.</strong> —
    great to see the backing from BOM Brabant Ventures.
    Your product is solid, but we believe there&#39;s a meaningful opportunity to strengthen your visual identity and messaging to match the quality of your underlying business.
  </p>

  <p>
    If useful, we'd be happy to connect and offer a <strong>Free Brand Audit</strong>
    in a first video call — sharing concrete insights and specific improvement opportunities
    for Solease B.V.Zonnestroom voor particulieren..
  </p>

  <p>
    If that sounds good to you, just let me know what your availability looks like for next week.
  </p>

  <p style=""margin-top: 2em;"">
    Kind regards,<br>
    <strong>Soufyan</strong>
  </p>

  <hr style=""border: none; border-top: 1px solid #eee; margin-top: 2.5em;"">
  <p style=""font-size: 11px; color: #999; line-height: 1.5;"">
    You received this because Solease B.V.Zonnestroom voor particulieren. appeared in our research on
    technology companies and we believe there could be a genuine fit.
    Reply STOP to opt out and we won't contact you again.
  </p>

</body>
</html>"
